GalaxyName,RadiusKpc,RadiusFraction,VnKms,VobsKms,aN_over_a0,LogKernelAlphaLn,RequiredS_tau,FixedTPGLogResidual,RequiredSLogResidual,Source,Guardrail
CamB,0.160000000,0.089385475,3.238958166,1.990000000,0.017707567,1.458473691,-0.264389348,-1.386657792,0.000000000,local_raw_sparc_rotmod_derived_no_raw_redistribution,paper3_seed_candidate_search_not_tau_core_validation
CamB,0.410000000,0.229050279,7.925783873,4.840000000,0.041377934,1.161198831,-0.335286981,-1.263869587,0.000000000,local_raw_sparc_rotmod_derived_no_raw_redistribution,paper3_seed_candidate_search_not_tau_core_validation
CamB,0.570000000,0.318435754,10.030996959,6.790000000,0.047673995,1.112378999,-0.290456931,-1.138043853,0.000000000,local_raw_sparc_rotmod_derived_no_raw_redistribution,paper3_seed_candidate_search_not_tau_core_validation
CamB,0.730000000,0.407821229,11.830135249,8.870000000,0.051775556,1.084074077,-0.230814392,-1.022299983,0.000000000,local_raw_sparc_rotmod_derived_no_raw_redistribution,paper3_seed_candidate_search_not_tau_core_validation
CamB,0.900000000,0.502793296,13.034297066,10.900000000,0.050980129,1.089375313,-0.150310640,-0.915686458,0.000000000,local_raw_sparc_rotmod_derived_no_raw_redistribution,paper3_seed_candidate_search_not_tau_core_validation
CamB,1.060000000,0.592178771,13.688038574,12.900000000,0.047735864,1.111933376,-0.051775880,-0.806898863,0.000000000,local_raw_sparc_rotmod_derived_no_raw_redistribution,paper3_seed_candidate_search_not_tau_core_validation
CamB,1.220000000,0.681564246,13.740656826,14.700000000,0.041794907,1.157733318,0.060305645,-0.701569877,0.000000000,local_raw_sparc_rotmod_derived_no_raw_redistribution,paper3_seed_candidate_search_not_tau_core_validation
CamB,1.470000000,0.821229050,13.845266339,16.800000000,0.035217093,1.217100555,0.175343861,-0.602764793,0.000000000,local_raw_sparc_rotmod_derived_no_raw_redistribution,paper3_seed_candidate_search_not_tau_core_validation
CamB,1.790000000,1.000000000,12.605639611,20.100000000,0.023974246,1.351607939,0.439864540,-0.388523811,0.000000000,local_raw_sparc_rotmod_derived_no_raw_redistribution,paper3_seed_candidate_search_not_tau_core_validation
DDO154,0.490000000,0.082770270,9.473945852,13.800000000,0.049469090,1.099688994,0.415232344,-0.365666132,0.000000000,local_raw_sparc_rotmod_derived_no_raw_redistribution,paper3_seed_candidate_search_not_tau_core_validation
DDO154,0.990000000,0.167229730,12.708377158,21.600000000,0.044056826,1.139540004,0.613990090,-0.230158935,0.000000000,local_raw_sparc_rotmod_derived_no_raw_redistribution,paper3_seed_candidate_search_not_tau_core_validation
DDO154,1.480000000,0.250000000,14.212957117,28.900000000,0.036861702,1.201241055,0.860240233,-0.079333744,0.000000000,local_raw_sparc_rotmod_derived_no_raw_redistribution,paper3_seed_candidate_search_not_tau_core_validation
DDO154,1.970000000,0.332770270,15.620761825,34.300000000,0.033450792,1.235009989,0.968247710,-0.017701259,0.000000000,local_raw_sparc_rotmod_derived_no_raw_redistribution,paper3_seed_candidate_search_not_tau_core_validation
DDO154,2.470000000,0.417229730,16.430736441,38.200000000,0.029517890,1.278665775,1.036166786,0.020091676,0.000000000,local_raw_sparc_rotmod_derived_no_raw_redistribution,paper3_seed_candidate_search_not_tau_core_validation
DDO154,2.960000000,0.500000000,17.446856450,42.000000000,0.027772238,1.300000315,1.082546244,0.045600872,0.000000000,local_raw_sparc_rotmod_derived_no_raw_redistribution,paper3_seed_candidate_search_not_tau_core_validation
DDO154,3.460000000,0.584459459,18.568480013,44.600000000,0.026911928,1.311027057,1.069329426,0.038576299,0.000000000,local_raw_sparc_rotmod_derived_no_raw_redistribution,paper3_seed_candidate_search_not_tau_core_validation
DDO154,3.950000000,0.667229730,18.733780985,46.300000000,0.023995068,1.351302720,1.088927868,0.049844073,0.000000000,local_raw_sparc_rotmod_derived_no_raw_redistribution,paper3_seed_candidate_search_not_tau_core_validation
DDO154,4.440000000,0.750000000,18.224227007,47.400000000,0.020201493,1.411919606,1.133870054,0.075447418,0.000000000,local_raw_sparc_rotmod_derived_no_raw_redistribution,paper3_seed_candidate_search_not_tau_core_validation
DDO154,4.940000000,0.834459459,17.617064171,48.200000000,0.016967128,1.473588812,1.178065185,0.100820977,0.000000000,local_raw_sparc_rotmod_derived_no_raw_redistribution,paper3_seed_candidate_search_not_tau_core_validation
DDO154,5.430000000,0.917229730,16.926005140,47.400000000,0.014248768,1.535483894,1.172545370,0.099386520,0.000000000,local_raw_sparc_rotmod_derived_no_raw_redistribution,paper3_seed_candidate_search_not_tau_core_validation
DDO154,5.920000000,1.000000000,16.254334806,45.500000000,0.012052715,1.594960544,1.128086388,0.075781384,0.000000000,local_raw_sparc_rotmod_derived_no_raw_redistribution,paper3_seed_candidate_search_not_tau_core_validation
ESO079-G014,0.410000000,0.024595081,20.589690381,33.200000000,0.279244086,0.547897812,1.117831563,0.040861633,0.000000000,local_raw_sparc_rotmod_derived_no_raw_redistribution,paper3_seed_candidate_search_not_tau_core_validation
ESO079-G014,0.980000000,0.058788242,33.945958522,50.400000000,0.317554510,0.512237939,0.946264985,-0.018369262,0.000000000,local_raw_sparc_rotmod_derived_no_raw_redistribution,paper3_seed_candidate_search_not_tau_core_validation
ESO079-G014,1.780000000,0.106778644,44.420114250,53.900000000,0.299369498,0.528464101,0.403838706,-0.230825288,0.000000000,local_raw_sparc_rotmod_derived_no_raw_redistribution,paper3_seed_candidate_search_not_tau_core_validation
ESO079-G014,2.690000000,0.161367726,54.052915740,67.600000000,0.293328445,0.534125308,0.469227601,-0.204315891,0.000000000,local_raw_sparc_rotmod_derived_no_raw_redistribution,paper3_seed_candidate_search_not_tau_core_validation
ESO079-G014,3.360000000,0.201559688,58.851630819,81.700000000,0.278385067,0.548765138,0.707473524,-0.109423471,0.000000000,local_raw_sparc_rotmod_derived_no_raw_redistribution,paper3_seed_candidate_search_not_tau_core_validation
ESO079-G014,4.390000000,0.263347331,62.124894769,102.000000000,0.237429687,0.594331253,1.079959844,0.029371651,0.000000000,local_raw_sparc_rotmod_derived_no_raw_redistribution,paper3_seed_candidate_search_not_tau_core_validation
ESO079-G014,5.650000000,0.338932214,65.904752864,116.000000000,0.207612373,0.633861970,1.199181974,0.074433111,0.000000000,local_raw_sparc_rotmod_derived_no_raw_redistribution,paper3_seed_candidate_search_not_tau_core_validation
ESO079-G014,6.340000000,0.380323935,68.780131215,132.000000000,0.201513873,0.642772574,1.429990829,0.155501602,0.000000000,local_raw_sparc_rotmod_derived_no_raw_redistribution,paper3_seed_candidate_search_not_tau_core_validation
ESO079-G014,6.890000000,0.413317337,72.069670112,137.000000000,0.203588881,0.639705757,1.408363679,0.147830825,0.000000000,local_raw_sparc_rotmod_derived_no_raw_redistribution,paper3_seed_candidate_search_not_tau_core_validation
ESO079-G014,8.340000000,0.500299940,82.299641251,154.000000000,0.219330002,0.617572568,1.410702351,0.145659243,0.000000000,local_raw_sparc_rotmod_derived_no_raw_redistribution,paper3_seed_candidate_search_not_tau_core_validation
ESO079-G014,10.040000000,0.602279544,94.188704737,163.000000000,0.238633903,0.592860156,1.232277855,0.082918693,0.000000000,local_raw_sparc_rotmod_derived_no_raw_redistribution,paper3_seed_candidate_search_not_tau_core_validation
ESO079-G014,11.650000000,0.698860228,99.220343428,170.000000000,0.228214763,0.605890747,1.177371191,0.064776784,0.000000000,local_raw_sparc_rotmod_derived_no_raw_redistribution,paper3_seed_candidate_search_not_tau_core_validation
ESO079-G014,13.360000000,0.801439712,100.765123183,175.000000000,0.205249558,0.637277519,1.156030131,0.058958865,0.000000000,local_raw_sparc_rotmod_derived_no_raw_redistribution,paper3_seed_candidate_search_not_tau_core_validation
ESO079-G014,15.060000000,0.903419316,99.052241015,177.000000000,0.175942941,0.683879710,1.150693365,0.059401852,0.000000000,local_raw_sparc_rotmod_derived_no_raw_redistribution,paper3_seed_candidate_search_not_tau_core_validation
ESO079-G014,16.670000000,1.000000000,96.726348789,178.000000000,0.151573123,0.730013779,1.150996277,0.061768332,0.000000000,local_raw_sparc_rotmod_derived_no_raw_redistribution,paper3_seed_candidate_search_not_tau_core_validation
ESO116-G012,0.250000000,0.025354970,12.252185519,20.900000000,0.162164329,0.708994494,0.995519881,-0.001860354,0.000000000,local_raw_sparc_rotmod_derived_no_raw_redistribution,paper3_seed_candidate_search_not_tau_core_validation
ESO116-G012,0.830000000,0.084178499,24.654833198,40.000000000,0.197785411,0.648376913,0.959935389,-0.015884615,0.000000000,local_raw_sparc_rotmod_derived_no_raw_redistribution,paper3_seed_candidate_search_not_tau_core_validation
ESO116-G012,1.380000000,0.139959432,36.269757374,51.500000000,0.257441421,0.570975162,0.735436119,-0.101099005,0.000000000,local_raw_sparc_rotmod_derived_no_raw_redistribution,paper3_seed_candidate_search_not_tau_core_validation
ESO116-G012,1.850000000,0.187626775,43.936278290,67.900000000,0.281801313,0.545334978,1.000155775,0.000054970,0.000000000,local_raw_sparc_rotmod_derived_no_raw_redistribution,paper3_seed_candidate_search_not_tau_core_validation
ESO116-G012,2.680000000,0.271805274,44.573216734,80.200000000,0.200207973,0.644721638,1.239739356,0.089819205,0.000000000,local_raw_sparc_rotmod_derived_no_raw_redistribution,paper3_seed_candidate_search_not_tau_core_validation
ESO116-G012,3.190000000,0.323529412,47.680675855,83.300000000,0.192469683,0.656583534,1.137766874,0.053164982,0.000000000,local_raw_sparc_rotmod_derived_no_raw_redistribution,paper3_seed_candidate_search_not_tau_core_validation
ESO116-G012,3.680000000,0.373225152,50.291608644,91.400000000,0.185614305,0.667564353,1.224452147,0.086043151,0.000000000,local_raw_sparc_rotmod_derived_no_raw_redistribution,paper3_seed_candidate_search_not_tau_core_validation
ESO116-G012,4.130000000,0.418864097,51.931756181,102.000000000,0.176353538,0.683166238,1.411246747,0.154365653,-0.000000000,local_raw_sparc_rotmod_derived_no_raw_redistribution,paper3_seed_candidate_search_not_tau_core_validation
ESO116-G012,5.230000000,0.530425963,52.328883993,105.000000000,0.141400018,0.751830477,1.338785872,0.135750628,0.000000000,local_raw_sparc_rotmod_derived_no_raw_redistribution,paper3_seed_candidate_search_not_tau_core_validation
ESO116-G012,6.050000000,0.613590264,50.493588207,109.000000000,0.113811278,0.821160494,1.411039535,0.170027588,0.000000000,local_raw_sparc_rotmod_derived_no_raw_redistribution,paper3_seed_candidate_search_not_tau_core_validation
ESO116-G012,6.810000000,0.690669371,48.685626216,108.000000000,0.093998867,0.883552400,1.378881290,0.163587822,-0.000000000,local_raw_sparc_rotmod_derived_no_raw_redistribution,paper3_seed_candidate_search_not_tau_core_validation
ESO116-G012,7.560000000,0.766734280,48.780180914,109.000000000,0.085002799,0.916795318,1.346553624,0.153369095,-0.000000000,local_raw_sparc_rotmod_derived_no_raw_redistribution,paper3_seed_candidate_search_not_tau_core_validation
ESO116-G012,8.320000000,0.843813387,49.539530680,110.000000000,0.079661533,0.938381780,1.300588948,0.135855924,0.000000000,local_raw_sparc_rotmod_derived_no_raw_redistribution,paper3_seed_candidate_search_not_tau_core_validation
ESO116-G012,9.090000000,0.921906694,49.638324911,111.000000000,0.073204632,0.966652466,1.278820902,0.128434145,0.000000000,local_raw_sparc_rotmod_derived_no_raw_redistribution,paper3_seed_candidate_search_not_tau_core_validation
ESO116-G012,9.860000000,1.000000000,47.032811951,112.000000000,0.060588916,1.030488351,1.340448208,0.159377056,0.000000000,local_raw_sparc_rotmod_derived_no_raw_redistribution,paper3_seed_candidate_search_not_tau_core_validation
IC2574,0.850000000,0.083088954,6.781154032,10.300000000,0.014610211,1.526594073,0.339917149,-0.508875583,0.000000000,local_raw_sparc_rotmod_derived_no_raw_redistribution,paper3_seed_candidate_search_not_tau_core_validation
IC2574,1.140000000,0.111436950,8.478210306,12.900000000,0.017028317,1.472314526,0.354236494,-0.485426834,0.000000000,local_raw_sparc_rotmod_derived_no_raw_redistribution,paper3_seed_candidate_search_not_tau_core_validation
IC2574,1.420000000,0.138807429,9.824360030,16.400000000,0.018356438,1.445747376,0.462957735,-0.381934435,0.000000000,local_raw_sparc_rotmod_derived_no_raw_redistribution,paper3_seed_candidate_search_not_tau_core_validation
IC2574,1.710000000,0.167155425,11.332257057,18.600000000,0.020281727,1.410520945,0.454677644,-0.384334569,0.000000000,local_raw_sparc_rotmod_derived_no_raw_redistribution,paper3_seed_candidate_search_not_tau_core_validation
IC2574,1.990000000,0.194525904,12.917755223,19.800000000,0.022645882,1.371661394,0.388415139,-0.436511521,0.000000000,local_raw_sparc_rotmod_derived_no_raw_redistribution,paper3_seed_candidate_search_not_tau_core_validation
IC2574,2.280000000,0.222873900,13.847701975,26.100000000,0.022713747,1.370608051,0.645545065,-0.229330466,0.000000000,local_raw_sparc_rotmod_derived_no_raw_redistribution,paper3_seed_candidate_search_not_tau_core_validation
IC2574,2.550000000,0.249266862,14.901070431,27.700000000,0.023515974,1.358394874,0.632310142,-0.237981888,0.000000000,local_raw_sparc_rotmod_derived_no_raw_redistribution,paper3_seed_candidate_search_not_tau_core_validation
IC2574,2.840000000,0.277614858,15.648041411,29.700000000,0.023284657,1.361872204,0.659387209,-0.218653325,0.000000000,local_raw_sparc_rotmod_derived_no_raw_redistribution,paper3_seed_candidate_search_not_tau_core_validation
IC2574,3.130000000,0.305962854,16.285274023,33.000000000,0.022883055,1.367994148,0.750274094,-0.155796950,0.000000000,local_raw_sparc_rotmod_derived_no_raw_redistribution,paper3_seed_candidate_search_not_tau_core_validation
IC2574,3.410000000,0.333333333,16.760264019,34.800000000,0.022247209,1.377915139,0.781136353,-0.135617573,0.000000000,local_raw_sparc_rotmod_derived_no_raw_redistribution,paper3_seed_candidate_search_not_tau_core_validation
IC2574,3.700000000,0.361681329,16.663158464,35.000000000,0.020266611,1.410784019,0.780021684,-0.137804155,0.000000000,local_raw_sparc_rotmod_derived_no_raw_redistribution,paper3_seed_candidate_search_not_tau_core_validation
IC2574,3.980000000,0.389051808,16.478969931,39.000000000,0.018426602,1.444398760,0.946174157,-0.032322559,0.000000000,local_raw_sparc_rotmod_derived_no_raw_redistribution,paper3_seed_candidate_search_not_tau_core_validation
IC2574,4.260000000,0.416422287,17.027627551,35.900000000,0.018380905,1.445276497,0.766869414,-0.148258083,0.000000000,local_raw_sparc_rotmod_derived_no_raw_redistribution,paper3_seed_candidate_search_not_tau_core_validation
IC2574,4.550000000,0.444770283,18.928795524,40.000000000,0.021266831,1.393794186,0.798670665,-0.124684514,0.000000000,local_raw_sparc_rotmod_derived_no_raw_redistribution,paper3_seed_candidate_search_not_tau_core_validation
IC2574,4.840000000,0.473118280,20.808565544,38.700000000,0.024160568,1.348886423,0.637422861,-0.233466460,0.000000000,local_raw_sparc_rotmod_derived_no_raw_redistribution,paper3_seed_candidate_search_not_tau_core_validation
IC2574,5.120000000,0.500488759,21.945083732,41.800000000,0.025402282,1.331280459,0.679612347,-0.202064469,0.000000000,local_raw_sparc_rotmod_derived_no_raw_redistribution,paper3_seed_candidate_search_not_tau_core_validation
IC2574,5.410000000,0.528836755,22.442609028,42.900000000,0.025143031,1.334882399,0.682863492,-0.200051040,0.000000000,local_raw_sparc_rotmod_derived_no_raw_redistribution,paper3_seed_candidate_search_not_tau_core_validation
IC2574,5.680000000,0.555229717,23.337525576,44.400000000,0.025895809,1.324526515,0.681387131,-0.200339504,0.000000000,local_raw_sparc_rotmod_derived_no_raw_redistribution,paper3_seed_candidate_search_not_tau_core_validation
IC2574,5.970000000,0.583577713,24.058496420,46.100000000,0.026183689,1.320647532,0.693722549,-0.191521521,0.000000000,local_raw_sparc_rotmod_derived_no_raw_redistribution,paper3_seed_candidate_search_not_tau_core_validation
IC2574,6.260000000,0.611925709,25.109090983,49.000000000,0.027199183,1.307305515,0.727821014,-0.167490073,0.000000000,local_raw_sparc_rotmod_derived_no_raw_redistribution,paper3_seed_candidate_search_not_tau_core_validation
IC2574,6.540000000,0.639296188,26.114640530,51.900000000,0.028161680,1.295123583,0.762391291,-0.143963998,0.000000000,local_raw_sparc_rotmod_derived_no_raw_redistribution,paper3_seed_candidate_search_not_tau_core_validation
IC2574,6.830000000,0.667644184,26.374336958,53.100000000,0.027504934,1.303388404,0.777451105,-0.134595782,0.000000000,local_raw_sparc_rotmod_derived_no_raw_redistribution,paper3_seed_candidate_search_not_tau_core_validation
IC2574,7.100000000,0.694037146,26.770045760,54.000000000,0.027258885,1.306537104,0.778531251,-0.134046831,0.000000000,local_raw_sparc_rotmod_derived_no_raw_redistribution,paper3_seed_candidate_search_not_tau_core_validation
IC2574,7.390000000,0.722385142,27.082474038,55.900000000,0.026804051,1.312435206,0.810756587,-0.113623595,0.000000000,local_raw_sparc_rotmod_derived_no_raw_redistribution,paper3_seed_candidate_search_not_tau_core_validation
IC2574,7.680000000,0.750733138,27.853005224,58.800000000,0.027280424,1.306260310,0.850582982,-0.088426313,0.000000000,local_raw_sparc_rotmod_derived_no_raw_redistribution,paper3_seed_candidate_search_not_tau_core_validation
IC2574,7.960000000,0.778103617,28.420460060,57.300000000,0.027404214,1.304673813,0.778856092,-0.133747840,0.000000000,local_raw_sparc_rotmod_derived_no_raw_redistribution,paper3_seed_candidate_search_not_tau_core_validation
IC2574,8.250000000,0.806451613,28.856759174,54.000000000,0.027258966,1.306536069,0.666887069,-0.209107068,0.000000000,local_raw_sparc_rotmod_derived_no_raw_redistribution,paper3_seed_candidate_search_not_tau_core_validation
IC2574,8.520000000,0.832844575,28.726727102,63.800000000,0.026157782,1.320994826,0.924249085,-0.044070655,0.000000000,local_raw_sparc_rotmod_derived_no_raw_redistribution,paper3_seed_candidate_search_not_tau_core_validation
IC2574,8.810000000,0.861192571,28.872028851,60.500000000,0.025553295,1.329199661,0.824145343,-0.105754617,0.000000000,local_raw_sparc_rotmod_derived_no_raw_redistribution,paper3_seed_candidate_search_not_tau_core_validation
IC2574,9.100000000,0.889540567,29.133738174,61.000000000,0.025189482,1.334234231,0.819790401,-0.108706911,0.000000000,local_raw_sparc_rotmod_derived_no_raw_redistribution,paper3_seed_candidate_search_not_tau_core_validation
IC2574,9.380000000,0.916911046,29.728049886,66.000000000,0.025444751,1.330693996,0.916909109,-0.048602374,0.000000000,local_raw_sparc_rotmod_derived_no_raw_redistribution,paper3_seed_candidate_search_not_tau_core_validation
IC2574,9.670000000,0.945259042,30.834816361,65.200000000,0.026553665,1.315726108,0.847055390,-0.090908276,0.000000000,local_raw_sparc_rotmod_derived_no_raw_redistribution,paper3_seed_candidate_search_not_tau_core_validation
IC2574,9.960000000,0.973607038,31.211420987,67.100000000,0.026414108,1.317574183,0.872705363,-0.075121069,0.000000000,local_raw_sparc_rotmod_derived_no_raw_redistribution,paper3_seed_candidate_search_not_tau_core_validation
IC2574,10.230000000,1.000000000,32.023262638,67.500000000,0.027072211,1.308945505,0.846362728,-0.091125927,0.000000000,local_raw_sparc_rotmod_derived_no_raw_redistribution,paper3_seed_candidate_search_not_tau_core_validation
NGC0055,1.230000000,0.091111111,23.758103881,28.700000000,0.123932911,0.793745626,0.262059851,-0.395332528,0.000000000,local_raw_sparc_rotmod_derived_no_raw_redistribution,paper3_seed_candidate_search_not_tau_core_validation
NGC0055,1.840000000,0.136296296,29.667843703,37.600000000,0.129188052,0.780474601,0.342567774,-0.339939664,0.000000000,local_raw_sparc_rotmod_derived_no_raw_redistribution,paper3_seed_candidate_search_not_tau_core_validation
NGC0055,2.460000000,0.182222222,33.751662181,43.100000000,0.125061442,0.790843599,0.350226197,-0.338193462,0.000000000,local_raw_sparc_rotmod_derived_no_raw_redistribution,paper3_seed_candidate_search_not_tau_core_validation
NGC0055,3.070000000,0.227407407,37.092406231,50.100000000,0.121031899,0.801342266,0.437616722,-0.287923347,0.000000000,local_raw_sparc_rotmod_derived_no_raw_redistribution,paper3_seed_candidate_search_not_tau_core_validation
NGC0055,3.680000000,0.272592593,40.157989242,58.100000000,0.118348922,0.808549729,0.552576508,-0.223181011,-0.000000000,local_raw_sparc_rotmod_derived_no_raw_redistribution,paper3_seed_candidate_search_not_tau_core_validation
NGC0055,4.300000000,0.318518519,42.909190158,64.600000000,0.115637951,0.816018290,0.619477527,-0.187517967,0.000000000,local_raw_sparc_rotmod_derived_no_raw_redistribution,paper3_seed_candidate_search_not_tau_core_validation
NGC0055,4.910000000,0.363703704,44.677378504,68.500000000,0.109789822,0.832808915,0.640260195,-0.178483271,0.000000000,local_raw_sparc_rotmod_derived_no_raw_redistribution,paper3_seed_candidate_search_not_tau_core_validation
NGC0055,5.520000000,0.408888889,46.017228839,72.300000000,0.103602457,0.851678649,0.670617577,-0.164284342,0.000000000,local_raw_sparc_rotmod_derived_no_raw_redistribution,paper3_seed_candidate_search_not_tau_core_validation
NGC0055,6.140000000,0.454814815,47.031850378,74.200000000,0.097293532,0.872233017,0.662270595,-0.171192735,0.000000000,local_raw_sparc_rotmod_derived_no_raw_redistribution,paper3_seed_candidate_search_not_tau_core_validation
NGC0055,6.750000000,0.500000000,47.813948279,78.900000000,0.091468941,0.892540890,0.728421635,-0.137056486,0.000000000,local_raw_sparc_rotmod_derived_no_raw_redistribution,paper3_seed_candidate_search_not_tau_core_validation
NGC0055,7.370000000,0.545925926,48.564917893,82.400000000,0.086426323,0.911288408,0.764519787,-0.119093553,0.000000000,local_raw_sparc_rotmod_derived_no_raw_redistribution,paper3_seed_candidate_search_not_tau_core_validation
NGC0055,7.980000000,0.591111111,49.191657829,84.300000000,0.081893274,0.929178342,0.768103572,-0.118436371,0.000000000,local_raw_sparc_rotmod_derived_no_raw_redistribution,paper3_seed_candidate_search_not_tau_core_validation
NGC0055,8.590000000,0.636296296,49.953824178,85.400000000,0.078453537,0.943479656,0.752087042,-0.128232965,0.000000000,local_raw_sparc_rotmod_derived_no_raw_redistribution,paper3_seed_candidate_search_not_tau_core_validation
NGC0055,9.210000000,0.682222222,50.186193819,85.300000000,0.073854523,0.963688521,0.726034005,-0.144390114,0.000000000,local_raw_sparc_rotmod_derived_no_raw_redistribution,paper3_seed_candidate_search_not_tau_core_validation
NGC0055,9.820000000,0.727407407,49.957786180,86.800000000,0.068637758,0.988306991,0.746192133,-0.134855269,0.000000000,local_raw_sparc_rotmod_derived_no_raw_redistribution,paper3_seed_candidate_search_not_tau_core_validation
NGC0055,10.430000000,0.772592593,49.514048007,85.400000000,0.063480563,1.014684696,0.714274142,-0.155373031,0.000000000,local_raw_sparc_rotmod_derived_no_raw_redistribution,paper3_seed_candidate_search_not_tau_core_validation
NGC0055,11.050000000,0.818518519,48.583487936,85.400000000,0.057687712,1.047166639,0.723665975,-0.152394328,0.000000000,local_raw_sparc_rotmod_derived_no_raw_redistribution,paper3_seed_candidate_search_not_tau_core_validation
NGC0055,11.660000000,0.863703704,47.732736670,86.200000000,0.052771851,1.077553404,0.747887290,-0.140138241,0.000000000,local_raw_sparc_rotmod_derived_no_raw_redistribution,paper3_seed_candidate_search_not_tau_core_validation
NGC0055,12.280000000,0.909629630,47.469570780,86.100000000,0.049556480,1.099083572,0.740429157,-0.146080334,0.000000000,local_raw_sparc_rotmod_derived_no_raw_redistribution,paper3_seed_candidate_search_not_tau_core_validation
NGC0055,12.890000000,0.954814815,47.481534305,87.400000000,0.047235094,1.115557777,0.753628004,-0.139164103,0.000000000,local_raw_sparc_rotmod_derived_no_raw_redistribution,paper3_seed_candidate_search_not_tau_core_validation
NGC0055,13.500000000,1.000000000,47.766432774,86.500000000,0.045643618,1.127348673,0.719293986,-0.161055185,0.000000000,local_raw_sparc_rotmod_derived_no_raw_redistribution,paper3_seed_candidate_search_not_tau_core_validation
NGC1705,0.220000000,0.036666667,24.166778850,50.200000000,0.716940416,0.314390312,3.426415177,0.457663194,0.000000000,local_raw_sparc_rotmod_derived_no_raw_redistribution,paper3_seed_candidate_search_not_tau_core_validation
NGC1705,0.660000000,0.110000000,34.432496279,62.200000000,0.485133530,0.402780886,2.002163209,0.252897608,0.000000000,local_raw_sparc_rotmod_derived_no_raw_redistribution,paper3_seed_candidate_search_not_tau_core_validation
NGC1705,1.110000000,0.185000000,35.422106798,72.400000000,0.305276944,0.523062409,1.995787352,0.294147138,0.000000000,local_raw_sparc_rotmod_derived_no_raw_redistribution,paper3_seed_candidate_search_not_tau_core_validation
NGC1705,1.550000000,0.258333333,32.818635712,73.200000000,0.187662526,0.664234962,1.852416895,0.292833369,0.000000000,local_raw_sparc_rotmod_derived_no_raw_redistribution,paper3_seed_candidate_search_not_tau_core_validation
NGC1705,2.000000000,0.333333333,30.296103710,72.900000000,0.123940080,0.793727100,1.771704677,0.293773891,0.000000000,local_raw_sparc_rotmod_derived_no_raw_redistribution,paper3_seed_candidate_search_not_tau_core_validation
NGC1705,2.450000000,0.408333333,27.731326149,72.600000000,0.084770238,0.917704429,1.763070860,0.311273379,0.000000000,local_raw_sparc_rotmod_derived_no_raw_redistribution,paper3_seed_candidate_search_not_tau_core_validation
NGC1705,2.890000000,0.481666667,25.527032730,71.500000000,0.060893514,1.028786437,1.750559877,0.322521652,0.000000000,local_raw_sparc_rotmod_derived_no_raw_redistribution,paper3_seed_candidate_search_not_tau_core_validation
NGC1705,3.340000000,0.556666667,23.667570640,71.100000000,0.045292793,1.130005576,1.773540458,0.343856956,0.000000000,local_raw_sparc_rotmod_derived_no_raw_redistribution,paper3_seed_candidate_search_not_tau_core_validation
NGC1705,3.780000000,0.630000000,22.151270844,71.400000000,0.035056916,1.218685966,1.824334920,0.373487887,0.000000000,local_raw_sparc_rotmod_derived_no_raw_redistribution,paper3_seed_candidate_search_not_tau_core_validation
NGC1705,4.220000000,0.703333333,21.277636147,71.500000000,0.028973604,1.285175480,1.836586303,0.385598057,0.000000000,local_raw_sparc_rotmod_derived_no_raw_redistribution,paper3_seed_candidate_search_not_tau_core_validation
NGC1705,4.660000000,0.776666667,20.613335489,71.500000000,0.024625147,1.342193022,1.839249881,0.392671550,0.000000000,local_raw_sparc_rotmod_derived_no_raw_redistribution,paper3_seed_candidate_search_not_tau_core_validation
NGC1705,5.110000000,0.851666667,20.115203206,71.300000000,0.021384355,1.391851661,1.828199590,0.393352600,0.000000000,local_raw_sparc_rotmod_derived_no_raw_redistribution,paper3_seed_candidate_search_not_tau_core_validation
NGC1705,5.560000000,0.926666667,19.636593391,71.800000000,0.018729480,1.438636603,1.846497367,0.405050527,0.000000000,local_raw_sparc_rotmod_derived_no_raw_redistribution,paper3_seed_candidate_search_not_tau_core_validation
NGC1705,6.000000000,1.000000000,19.842703949,71.500000000,0.017722242,1.458180666,1.785334023,0.382439560,0.000000000,local_raw_sparc_rotmod_derived_no_raw_redistribution,paper3_seed_candidate_search_not_tau_core_validation
NGC2366,0.120000000,0.019801980,2.754931941,4.200000000,0.017080820,1.471224843,0.356531887,-0.483022129,0.000000000,local_raw_sparc_rotmod_derived_no_raw_redistribution,paper3_seed_candidate_search_not_tau_core_validation
NGC2366,0.360000000,0.059405941,7.901841558,9.410000000,0.046840588,1.118441463,0.170649647,-0.576003547,0.000000000,local_raw_sparc_rotmod_derived_no_raw_redistribution,paper3_seed_candidate_search_not_tau_core_validation
NGC2366,0.590000000,0.097359736,11.361342350,15.300000000,0.059084762,1.039027437,0.333650339,-0.414836690,0.000000000,local_raw_sparc_rotmod_derived_no_raw_redistribution,paper3_seed_candidate_search_not_tau_core_validation
NGC2366,0.830000000,0.136963696,14.532972855,18.400000000,0.068722514,0.987891277,0.269347909,-0.451143810,0.000000000,local_raw_sparc_rotmod_derived_no_raw_redistribution,paper3_seed_candidate_search_not_tau_core_validation
NGC2366,1.070000000,0.176567657,17.023717279,23.400000000,0.073146446,0.966919205,0.387367322,-0.358339947,0.000000000,local_raw_sparc_rotmod_derived_no_raw_redistribution,paper3_seed_candidate_search_not_tau_core_validation
NGC2366,1.310000000,0.216171617,19.132186232,28.100000000,0.075461618,0.956477198,0.490057861,-0.286747992,0.000000000,local_raw_sparc_rotmod_derived_no_raw_redistribution,paper3_seed_candidate_search_not_tau_core_validation
NGC2366,1.540000000,0.254125413,20.656235136,33.100000000,0.074825534,0.959311599,0.627972943,-0.201077122,0.000000000,local_raw_sparc_rotmod_derived_no_raw_redistribution,paper3_seed_candidate_search_not_tau_core_validation
NGC2366,1.790000000,0.295379538,22.320934120,37.500000000,0.075169197,0.957777045,0.710016197,-0.152993724,0.000000000,local_raw_sparc_rotmod_derived_no_raw_redistribution,paper3_seed_candidate_search_not_tau_core_validation
NGC2366,2.020000000,0.333333333,23.838022149,40.500000000,0.075972650,0.954218488,0.732501481,-0.139970264,0.000000000,local_raw_sparc_rotmod_derived_no_raw_redistribution,paper3_seed_candidate_search_not_tau_core_validation
NGC2366,2.260000000,0.372937294,24.796695344,42.300000000,0.073476317,0.965409989,0.731163424,-0.141624175,0.000000000,local_raw_sparc_rotmod_derived_no_raw_redistribution,paper3_seed_candidate_search_not_tau_core_validation
NGC2366,2.490000000,0.410891089,25.128598250,45.200000000,0.068486566,0.989049924,0.807590548,-0.100566583,0.000000000,local_raw_sparc_rotmod_derived_no_raw_redistribution,paper3_seed_candidate_search_not_tau_core_validation
NGC2366,2.740000000,0.452145215,25.549874755,47.400000000,0.064342095,1.010123300,0.846624372,-0.080206249,0.000000000,local_raw_sparc_rotmod_derived_no_raw_redistribution,paper3_seed_candidate_search_not_tau_core_validation
NGC2366,2.970000000,0.490099010,26.206755808,48.100000000,0.062450840,1.020223421,0.818844752,-0.095943165,0.000000000,local_raw_sparc_rotmod_derived_no_raw_redistribution,paper3_seed_candidate_search_not_tau_core_validation
NGC2366,3.210000000,0.529702970,26.808761627,48.800000000,0.060466758,1.031173442,0.795501886,-0.109612124,0.000000000,local_raw_sparc_rotmod_derived_no_raw_redistribution,paper3_seed_candidate_search_not_tau_core_validation
NGC2366,3.440000000,0.567656766,27.284929906,50.700000000,0.058446088,1.042722861,0.823007370,-0.094692275,0.000000000,local_raw_sparc_rotmod_derived_no_raw_redistribution,paper3_seed_candidate_search_not_tau_core_validation
NGC2366,3.690000000,0.608910891,27.594123469,52.100000000,0.055728204,1.058939881,0.838653055,-0.086629113,0.000000000,local_raw_sparc_rotmod_derived_no_raw_redistribution,paper3_seed_candidate_search_not_tau_core_validation
NGC2366,3.920000000,0.646864686,27.864402021,53.000000000,0.053491108,1.072925767,0.840755697,-0.086019071,0.000000000,local_raw_sparc_rotmod_derived_no_raw_redistribution,paper3_seed_candidate_search_not_tau_core_validation
NGC2366,4.160000000,0.686468647,27.872053207,53.700000000,0.050432768,1.093073904,0.847757020,-0.082845261,0.000000000,local_raw_sparc_rotmod_derived_no_raw_redistribution,paper3_seed_candidate_search_not_tau_core_validation
NGC2366,4.400000000,0.726072607,27.898492791,51.200000000,0.047772395,1.111670531,0.751323856,-0.140312489,0.000000000,local_raw_sparc_rotmod_derived_no_raw_redistribution,paper3_seed_candidate_search_not_tau_core_validation
NGC2366,4.640000000,0.765676568,27.951716405,51.600000000,0.045474422,1.128627372,0.749618964,-0.142434281,0.000000000,local_raw_sparc_rotmod_derived_no_raw_redistribution,paper3_seed_candidate_search_not_tau_core_validation
NGC2366,4.870000000,0.803630363,28.295027832,51.500000000,0.044397600,1.136883642,0.721364738,-0.160452812,0.000000000,local_raw_sparc_rotmod_derived_no_raw_redistribution,paper3_seed_candidate_search_not_tau_core_validation
NGC2366,5.110000000,0.843234323,28.564959303,50.400000000,0.043123552,1.146926017,0.666476731,-0.196226652,0.000000000,local_raw_sparc_rotmod_derived_no_raw_redistribution,paper3_seed_candidate_search_not_tau_core_validation
NGC2366,5.350000000,0.882838284,28.558791116,48.500000000,0.041171251,1.162930080,0.600424021,-0.241864832,0.000000000,local_raw_sparc_rotmod_derived_no_raw_redistribution,paper3_seed_candidate_search_not_tau_core_validation
NGC2366,5.590000000,0.922442244,28.375485018,50.000000000,0.038899408,1.182577733,0.644426490,-0.214009188,0.000000000,local_raw_sparc_rotmod_derived_no_raw_redistribution,paper3_seed_candidate_search_not_tau_core_validation
NGC2366,5.820000000,0.960396040,28.008630813,49.000000000,0.036402313,1.205596209,0.621651540,-0.231690270,0.000000000,local_raw_sparc_rotmod_derived_no_raw_redistribution,paper3_seed_candidate_search_not_tau_core_validation
NGC2366,6.060000000,1.000000000,27.834705854,49.400000000,0.034527796,1.223976847,0.632988103,-0.225630196,0.000000000,local_raw_sparc_rotmod_derived_no_raw_redistribution,paper3_seed_candidate_search_not_tau_core_validation
NGC2403,0.160000000,0.007666507,16.411948391,24.500000000,0.454640909,0.418682324,1.177061474,0.050934988,0.000000000,local_raw_sparc_rotmod_derived_no_raw_redistribution,paper3_seed_candidate_search_not_tau_core_validation
NGC2403,0.260000000,0.012458074,24.982082579,35.300000000,0.648264351,0.335944635,1.229407046,0.056085459,0.000000000,local_raw_sparc_rotmod_derived_no_raw_redistribution,paper3_seed_candidate_search_not_tau_core_validation
NGC2403,0.360000000,0.017249641,33.268255891,43.200000000,0.830282290,0.284565506,1.049091172,0.010816296,0.000000000,local_raw_sparc_rotmod_derived_no_raw_redistribution,paper3_seed_candidate_search_not_tau_core_validation
NGC2403,0.460000000,0.022041207,40.144181397,52.000000000,0.946140406,0.259636476,1.137478598,0.027943042,0.000000000,local_raw_sparc_rotmod_derived_no_raw_redistribution,paper3_seed_candidate_search_not_tau_core_validation
NGC2403,0.560000000,0.026832774,45.169414984,60.900000000,0.983941126,0.252458838,1.379462282,0.073704287,0.000000000,local_raw_sparc_rotmod_derived_no_raw_redistribution,paper3_seed_candidate_search_not_tau_core_validation
NGC2403,0.660000000,0.031624341,47.866238624,65.800000000,0.937525041,0.261332358,1.433669009,0.086040823,0.000000000,local_raw_sparc_rotmod_derived_no_raw_redistribution,paper3_seed_candidate_search_not_tau_core_validation
NGC2403,0.760000000,0.036415908,50.195617837,71.700000000,0.895336366,0.269982766,1.586810709,0.117559688,0.000000000,local_raw_sparc_rotmod_derived_no_raw_redistribution,paper3_seed_candidate_search_not_tau_core_validation
NGC2403,0.860000000,0.041207475,51.608743445,74.600000000,0.836404436,0.283122920,1.573491471,0.119152514,0.000000000,local_raw_sparc_rotmod_derived_no_raw_redistribution,paper3_seed_candidate_search_not_tau_core_validation
NGC2403,0.960000000,0.045999042,53.093491597,74.600000000,0.793011617,0.293693069,1.379224373,0.082585183,0.000000000,local_raw_sparc_rotmod_derived_no_raw_redistribution,paper3_seed_candidate_search_not_tau_core_validation
NGC2403,1.060000000,0.050790609,54.706892619,76.600000000,0.762511570,0.301635870,1.326729464,0.072985533,0.000000000,local_raw_sparc_rotmod_derived_no_raw_redistribution,paper3_seed_candidate_search_not_tau_core_validation
NGC2403,1.160000000,0.055582175,56.394174788,78.500000000,0.740420972,0.307678822,1.274015997,0.062479081,0.000000000,local_raw_sparc_rotmod_derived_no_raw_redistribution,paper3_seed_candidate_search_not_tau_core_validation
NGC2403,1.270000000,0.060852899,58.337798210,83.400000000,0.723709970,0.312423656,1.375071493,0.085522540,0.000000000,local_raw_sparc_rotmod_derived_no_raw_redistribution,paper3_seed_candidate_search_not_tau_core_validation
NGC2403,1.360000000,0.065165309,60.489901223,86.400000000,0.726599427,0.311592158,1.374673859,0.085269459,0.000000000,local_raw_sparc_rotmod_derived_no_raw_redistribution,paper3_seed_candidate_search_not_tau_core_validation
NGC2403,1.470000000,0.070436033,62.449174534,87.400000000,0.716480341,0.314524926,1.270290783,0.062666937,0.000000000,local_raw_sparc_rotmod_derived_no_raw_redistribution,paper3_seed_candidate_search_not_tau_core_validation
NGC2403,1.570000000,0.075227599,64.462057445,90.300000000,0.714787390,0.315021326,1.272371140,0.063207783,0.000000000,local_raw_sparc_rotmod_derived_no_raw_redistribution,paper3_seed_candidate_search_not_tau_core_validation
NGC2403,1.670000000,0.080019166,66.743421399,93.300000000,0.720391648,0.313384402,1.269656617,0.062357053,0.000000000,local_raw_sparc_rotmod_derived_no_raw_redistribution,paper3_seed_candidate_search_not_tau_core_validation
NGC2403,1.770000000,0.084810733,68.790596741,93.300000000,0.722026431,0.312910303,1.138633080,0.032506769,0.000000000,local_raw_sparc_rotmod_derived_no_raw_redistribution,paper3_seed_candidate_search_not_tau_core_validation
NGC2403,1.870000000,0.089602300,70.462785568,95.200000000,0.717044680,0.314359822,1.116770546,0.027545516,0.000000000,local_raw_sparc_rotmod_derived_no_raw_redistribution,paper3_seed_candidate_search_not_tau_core_validation
NGC2403,1.970000000,0.094393867,72.037381268,97.200000000,0.711406479,0.316017665,1.105316265,0.024975287,0.000000000,local_raw_sparc_rotmod_derived_no_raw_redistribution,paper3_seed_candidate_search_not_tau_core_validation
NGC2403,2.080000000,0.099664590,73.724637334,99.100000000,0.705716324,0.317709750,1.083350705,0.019897214,0.000000000,local_raw_sparc_rotmod_derived_no_raw_redistribution,paper3_seed_candidate_search_not_tau_core_validation
NGC2403,2.180000000,0.104456157,75.354331992,98.200000000,0.703441787,0.318391538,0.952213031,-0.011607661,-0.000000000,local_raw_sparc_rotmod_derived_no_raw_redistribution,paper3_seed_candidate_search_not_tau_core_validation
NGC2403,2.280000000,0.109247724,75.845224306,98.200000000,0.681380722,0.325169777,0.906425059,-0.023229111,0.000000000,local_raw_sparc_rotmod_derived_no_raw_redistribution,paper3_seed_candidate_search_not_tau_core_validation
NGC2403,2.370000000,0.113560134,75.492742366,98.200000000,0.649426889,0.335553445,0.896391613,-0.026376080,0.000000000,local_raw_sparc_rotmod_derived_no_raw_redistribution,paper3_seed_candidate_search_not_tau_core_validation
NGC2403,2.470000000,0.118351701,75.103761224,97.200000000,0.616729368,0.346942864,0.848005577,-0.039937408,0.000000000,local_raw_sparc_rotmod_derived_no_raw_redistribution,paper3_seed_candidate_search_not_tau_core_validation
NGC2403,2.570000000,0.123143268,74.818554517,98.200000000,0.588238861,0.357569264,0.873980741,-0.033755488,0.000000000,local_raw_sparc_rotmod_derived_no_raw_redistribution,paper3_seed_candidate_search_not_tau_core_validation
NGC2403,2.680000000,0.128413991,74.399678427,98.200000000,0.557796175,0.369732159,0.865215995,-0.037060621,-0.000000000,local_raw_sparc_rotmod_derived_no_raw_redistribution,paper3_seed_candidate_search_not_tau_core_validation
NGC2403,2.780000000,0.133205558,74.069038741,98.200000000,0.532962717,0.380342191,0.856571086,-0.040322832,0.000000000,local_raw_sparc_rotmod_derived_no_raw_redistribution,paper3_seed_candidate_search_not_tau_core_validation
NGC2403,2.880000000,0.137997125,73.765396359,99.100000000,0.510247730,0.390647744,0.879176585,-0.034529938,0.000000000,local_raw_sparc_rotmod_derived_no_raw_redistribution,paper3_seed_candidate_search_not_tau_core_validation
NGC2403,2.980000000,0.142788692,73.584188519,100.000000000,0.490705532,0.400017809,0.897429052,-0.029744944,-0.000000000,local_raw_sparc_rotmod_derived_no_raw_redistribution,paper3_seed_candidate_search_not_tau_core_validation
NGC2403,3.080000000,0.147580259,73.617860605,102.000000000,0.475208146,0.407808527,0.945378310,-0.015949114,0.000000000,local_raw_sparc_rotmod_derived_no_raw_redistribution,paper3_seed_candidate_search_not_tau_core_validation
NGC2403,3.190000000,0.152850982,73.683822173,101.000000000,0.459644235,0.415978280,0.891204007,-0.032483405,0.000000000,local_raw_sparc_rotmod_derived_no_raw_redistribution,paper3_seed_candidate_search_not_tau_core_validation
NGC2403,3.290000000,0.157642549,74.031429474,101.000000000,0.449888178,0.421287356,0.864695835,-0.040932258,0.000000000,local_raw_sparc_rotmod_derived_no_raw_redistribution,paper3_seed_candidate_search_not_tau_core_validation
NGC2403,3.390000000,0.162434116,74.476833311,103.000000000,0.441886685,0.425755531,0.899531216,-0.030460997,0.000000000,local_raw_sparc_rotmod_derived_no_raw_redistribution,paper3_seed_candidate_search_not_tau_core_validation
NGC2403,3.490000000,0.167225683,74.865240933,107.000000000,0.433713794,0.430429881,0.997223279,-0.000835891,0.000000000,local_raw_sparc_rotmod_derived_no_raw_redistribution,paper3_seed_candidate_search_not_tau_core_validation
NGC2403,3.590000000,0.172017250,75.022735554,110.000000000,0.423408480,0.436490001,1.068116552,0.020486519,0.000000000,local_raw_sparc_rotmod_derived_no_raw_redistribution,paper3_seed_candidate_search_not_tau_core_validation
NGC2403,3.690000000,0.176808816,75.412497638,112.000000000,0.416225316,0.440828512,1.100575303,0.030307555,0.000000000,local_raw_sparc_rotmod_derived_no_raw_redistribution,paper3_seed_candidate_search_not_tau_core_validation
NGC2403,3.790000000,0.181600383,75.544358161,114.000000000,0.406661511,0.446757581,1.139425927,0.042153538,-0.000000000,local_raw_sparc_rotmod_derived_no_raw_redistribution,paper3_seed_candidate_search_not_tau_core_validation
NGC2403,3.900000000,0.186871107,75.467780542,118.000000000,0.394390784,0.454633427,1.239638638,0.072224878,0.000000000,local_raw_sparc_rotmod_derived_no_raw_redistribution,paper3_seed_candidate_search_not_tau_core_validation
NGC2403,3.990000000,0.191183517,75.349379228,118.000000000,0.384286095,0.461358906,1.226893228,0.069182178,0.000000000,local_raw_sparc_rotmod_derived_no_raw_redistribution,paper3_seed_candidate_search_not_tau_core_validation
NGC2403,4.470000000,0.214183038,74.904261895,118.000000000,0.338979741,0.494540234,1.163392245,0.052655211,0.000000000,local_raw_sparc_rotmod_derived_no_raw_redistribution,paper3_seed_candidate_search_not_tau_core_validation
NGC2403,4.970000000,0.238140872,74.052129612,121.000000000,0.297979869,0.529753844,1.196752180,0.065914410,0.000000000,local_raw_sparc_rotmod_derived_no_raw_redistribution,paper3_seed_candidate_search_not_tau_core_validation
NGC2403,5.470000000,0.262098706,72.942635680,124.000000000,0.262690149,0.565208844,1.238420097,0.082588984,0.000000000,local_raw_sparc_rotmod_derived_no_raw_redistribution,paper3_seed_candidate_search_not_tau_core_validation
NGC2403,5.960000000,0.285577384,71.378067009,125.000000000,0.230861501,0.602514592,1.246838241,0.088749084,0.000000000,local_raw_sparc_rotmod_derived_no_raw_redistribution,paper3_seed_candidate_search_not_tau_core_validation
NGC2403,6.460000000,0.309535218,69.771734965,126.000000000,0.203514209,0.639815486,1.259564504,0.096469195,0.000000000,local_raw_sparc_rotmod_derived_no_raw_redistribution,paper3_seed_candidate_search_not_tau_core_validation
NGC2403,6.960000000,0.333493052,68.676599727,126.000000000,0.183010724,0.671858344,1.242354232,0.092937592,0.000000000,local_raw_sparc_rotmod_derived_no_raw_redistribution,paper3_seed_candidate_search_not_tau_core_validation
NGC2403,7.450000000,0.356971730,67.710119628,126.000000000,0.166195438,0.701401512,1.227362599,0.089593930,0.000000000,local_raw_sparc_rotmod_derived_no_raw_redistribution,paper3_seed_candidate_search_not_tau_core_validation
NGC2403,7.950000000,0.380929564,66.837807041,126.000000000,0.151755858,0.729637149,1.213151763,0.086101367,0.000000000,local_raw_sparc_rotmod_derived_no_raw_redistribution,paper3_seed_candidate_search_not_tau_core_validation
NGC2403,8.450000000,0.404887398,66.279956246,127.000000000,0.140402851,0.754063582,1.214903816,0.088364411,0.000000000,local_raw_sparc_rotmod_derived_no_raw_redistribution,paper3_seed_candidate_search_not_tau_core_validation
NGC2403,8.940000000,0.428366076,65.895864438,128.000000000,0.131173773,0.775615737,1.215110433,0.089807323,0.000000000,local_raw_sparc_rotmod_derived_no_raw_redistribution,paper3_seed_candidate_search_not_tau_core_validation
NGC2403,9.440000000,0.452323910,65.527033734,128.000000000,0.122839271,0.796586060,1.196847773,0.083679247,0.000000000,local_raw_sparc_rotmod_derived_no_raw_redistribution,paper3_seed_candidate_search_not_tau_core_validation
NGC2403,9.940000000,0.476281744,65.060687823,127.000000000,0.115005636,0.817788096,1.164144641,0.071246163,0.000000000,local_raw_sparc_rotmod_derived_no_raw_redistribution,paper3_seed_candidate_search_not_tau_core_validation
NGC2403,10.430000000,0.499760422,64.946421379,127.000000000,0.109218033,0.834503177,1.144942329,0.063850746,0.000000000,local_raw_sparc_rotmod_derived_no_raw_redistribution,paper3_seed_candidate_search_not_tau_core_validation
NGC2403,10.930000000,0.523718256,64.745153100,128.000000000,0.103576819,0.851759382,1.147016383,0.065435217,0.000000000,local_raw_sparc_rotmod_derived_no_raw_redistribution,paper3_seed_candidate_search_not_tau_core_validation
NGC2403,11.430000000,0.547676090,64.417891925,130.000000000,0.098047155,0.869702412,1.170599110,0.076363751,0.000000000,local_raw_sparc_rotmod_derived_no_raw_redistribution,paper3_seed_candidate_search_not_tau_core_validation
NGC2403,11.920000000,0.571154768,63.922404132,130.000000000,0.092575945,0.888575077,1.163340921,0.074041921,0.000000000,local_raw_sparc_rotmod_derived_no_raw_redistribution,paper3_seed_candidate_search_not_tau_core_validation
NGC2403,12.420000000,0.595112602,63.564017337,132.000000000,0.087855567,0.905857013,1.188539225,0.085822594,0.000000000,local_raw_sparc_rotmod_derived_no_raw_redistribution,paper3_seed_candidate_search_not_tau_core_validation
NGC2403,12.920000000,0.619070436,63.123347107,133.000000000,0.083288633,0.923560072,1.198607321,0.091080752,0.000000000,local_raw_sparc_rotmod_derived_no_raw_redistribution,paper3_seed_candidate_search_not_tau_core_validation
NGC2403,13.420000000,0.643028270,62.362576518,133.000000000,0.078264316,0.944285814,1.199519561,0.092489049,0.000000000,local_raw_sparc_rotmod_derived_no_raw_redistribution,paper3_seed_candidate_search_not_tau_core_validation
NGC2403,13.910000000,0.666506948,61.468823805,133.000000000,0.073358575,0.965947848,1.204721841,0.095844517,0.000000000,local_raw_sparc_rotmod_derived_no_raw_redistribution,paper3_seed_candidate_search_not_tau_core_validation
NGC2403,14.410000000,0.690464782,60.713505087,133.000000000,0.069083581,0.986126402,1.207366924,0.097996756,0.000000000,local_raw_sparc_rotmod_derived_no_raw_redistribution,paper3_seed_candidate_search_not_tau_core_validation
NGC2403,14.910000000,0.714422616,60.000723746,134.000000000,0.065208400,1.005601481,1.226436534,0.107539169,0.000000000,local_raw_sparc_rotmod_derived_no_raw_redistribution,paper3_seed_candidate_search_not_tau_core_validation
NGC2403,15.400000000,0.737901294,59.242800406,134.000000000,0.061548666,1.025156139,1.230913197,0.110548736,0.000000000,local_raw_sparc_rotmod_derived_no_raw_redistribution,paper3_seed_candidate_search_not_tau_core_validation
NGC2403,15.900000000,0.761859128,58.427678800,133.000000000,0.057984024,1.045423076,1.220863040,0.106954747,0.000000000,local_raw_sparc_rotmod_derived_no_raw_redistribution,paper3_seed_candidate_search_not_tau_core_validation
NGC2403,16.400000000,0.785816962,57.581762738,134.000000000,0.054600205,1.065916579,1.245055877,0.119059910,0.000000000,local_raw_sparc_rotmod_derived_no_raw_redistribution,paper3_seed_candidate_search_not_tau_core_validation
NGC2403,16.890000000,0.809295640,56.591625264,134.000000000,0.051208599,1.087843811,1.257387785,0.125846925,0.000000000,local_raw_sparc_rotmod_derived_no_raw_redistribution,paper3_seed_candidate_search_not_tau_core_validation
NGC2403,17.390000000,0.833253474,55.690348805,136.000000000,0.048164660,1.108861346,1.300500601,0.146699869,0.000000000,local_raw_sparc_rotmod_derived_no_raw_redistribution,paper3_seed_candidate_search_not_tau_core_validation
NGC2403,17.890000000,0.857211308,54.727595416,136.000000000,0.045213758,1.130607102,1.313484745,0.153879853,0.000000000,local_raw_sparc_rotmod_derived_no_raw_redistribution,paper3_seed_candidate_search_not_tau_core_validation
NGC2403,18.380000000,0.880689986,53.806112106,135.000000000,0.042538868,1.151638576,1.310314424,0.153658030,0.000000000,local_raw_sparc_rotmod_derived_no_raw_redistribution,paper3_seed_candidate_search_not_tau_core_validation
NGC2403,18.880000000,0.904647820,52.875880135,133.000000000,0.039992766,1.172977365,1.291861724,0.146303561,-0.000000000,local_raw_sparc_rotmod_derived_no_raw_redistribution,paper3_seed_candidate_search_not_tau_core_validation
NGC2403,19.380000000,0.928605654,52.259746459,134.000000000,0.038058269,1.190155973,1.314210103,0.157640629,0.000000000,local_raw_sparc_rotmod_derived_no_raw_redistribution,paper3_seed_candidate_search_not_tau_core_validation
NGC2403,19.870000000,0.952084332,51.972859744,136.000000000,0.036713312,1.202641663,1.344332581,0.172275835,0.000000000,local_raw_sparc_rotmod_derived_no_raw_redistribution,paper3_seed_candidate_search_not_tau_core_validation
NGC2403,20.370000000,0.976042166,51.688220128,135.000000000,0.035420961,1.215093455,1.326493584,0.164750279,0.000000000,local_raw_sparc_rotmod_derived_no_raw_redistribution,paper3_seed_candidate_search_not_tau_core_validation
NGC2403,20.870000000,1.000000000,51.441591636,134.000000000,0.034243217,1.226857231,1.308135968,0.156801501,0.000000000,local_raw_sparc_rotmod_derived_no_raw_redistribution,paper3_seed_candidate_search_not_tau_core_validation
NGC2976,0.110000000,0.048458150,8.537200946,6.800000000,0.178939628,0.678715998,-0.299810244,-0.745539798,0.000000000,local_raw_sparc_rotmod_derived_no_raw_redistribution,paper3_seed_candidate_search_not_tau_core_validation
NGC2976,0.170000000,0.074889868,11.058679849,9.500000000,0.194278999,0.653760960,-0.215592998,-0.654975892,0.000000000,local_raw_sparc_rotmod_derived_no_raw_redistribution,paper3_seed_candidate_search_not_tau_core_validation
NGC2976,0.240000000,0.105726872,14.021986307,14.000000000,0.221246314,0.615006202,-0.002549548,-0.480908015,0.000000000,local_raw_sparc_rotmod_derived_no_raw_redistribution,paper3_seed_candidate_search_not_tau_core_validation
NGC2976,0.310000000,0.136563877,16.601835742,19.800000000,0.240114695,0.591063280,0.325919746,-0.288233861,0.000000000,local_raw_sparc_rotmod_derived_no_raw_redistribution,paper3_seed_candidate_search_not_tau_core_validation
NGC2976,0.380000000,0.167400881,18.864796580,26.100000000,0.252923315,0.576053428,0.665787832,-0.130286148,0.000000000,local_raw_sparc_rotmod_derived_no_raw_redistribution,paper3_seed_candidate_search_not_tau_core_validation
NGC2976,0.450000000,0.198237885,21.015620381,28.700000000,0.265057517,0.562653368,0.649868780,-0.134754119,0.000000000,local_raw_sparc_rotmod_derived_no_raw_redistribution,paper3_seed_candidate_search_not_tau_core_validation
NGC2976,0.520000000,0.229074890,23.194603898,28.700000000,0.279407967,0.547732714,0.433344142,-0.223813633,0.000000000,local_raw_sparc_rotmod_derived_no_raw_redistribution,paper3_seed_candidate_search_not_tau_core_validation
NGC2976,0.590000000,0.259911894,25.387577671,31.700000000,0.295024938,0.532521124,0.466915125,-0.204857478,0.000000000,local_raw_sparc_rotmod_derived_no_raw_redistribution,paper3_seed_candidate_search_not_tau_core_validation
NGC2976,0.660000000,0.290748899,27.512805200,35.500000000,0.309737665,0.519068320,0.559287200,-0.163216043,0.000000000,local_raw_sparc_rotmod_derived_no_raw_redistribution,paper3_seed_candidate_search_not_tau_core_validation
NGC2976,0.730000000,0.321585903,29.574358827,39.400000000,0.323575793,0.507117208,0.655144674,-0.123340606,0.000000000,local_raw_sparc_rotmod_derived_no_raw_redistribution,paper3_seed_candidate_search_not_tau_core_validation
NGC2976,0.800000000,0.352422907,31.568896085,42.900000000,0.336431780,0.496570715,0.722822601,-0.096476810,0.000000000,local_raw_sparc_rotmod_derived_no_raw_redistribution,paper3_seed_candidate_search_not_tau_core_validation
NGC2976,0.870000000,0.383259912,33.551836015,46.000000000,0.349447178,0.486395235,0.762780704,-0.080804074,0.000000000,local_raw_sparc_rotmod_derived_no_raw_redistribution,paper3_seed_candidate_search_not_tau_core_validation
NGC2976,0.940000000,0.414096916,35.705562592,49.100000000,0.366279081,0.473922275,0.791555689,-0.069374519,0.000000000,local_raw_sparc_rotmod_derived_no_raw_redistribution,paper3_seed_candidate_search_not_tau_core_validation
NGC2976,1.010000000,0.444933921,38.297792365,49.200000000,0.392188013,0.456080598,0.624164568,-0.125246934,0.000000000,local_raw_sparc_rotmod_derived_no_raw_redistribution,paper3_seed_candidate_search_not_tau_core_validation
NGC2976,1.080000000,0.475770925,41.052334282,51.400000000,0.421424875,0.437678479,0.575903001,-0.138239171,-0.000000000,local_raw_sparc_rotmod_derived_no_raw_redistribution,paper3_seed_candidate_search_not_tau_core_validation
NGC2976,1.140000000,0.502202643,43.399394005,57.200000000,0.446201153,0.423333229,0.751159445,-0.076893045,0.000000000,local_raw_sparc_rotmod_derived_no_raw_redistribution,paper3_seed_candidate_search_not_tau_core_validation
NGC2976,1.210000000,0.533039648,46.460000538,63.800000000,0.481771671,0.404468437,0.922752505,-0.022497443,0.000000000,local_raw_sparc_rotmod_derived_no_raw_redistribution,paper3_seed_candidate_search_not_tau_core_validation
NGC2976,1.290000000,0.568281938,49.930820642,67.800000000,0.521934382,0.385270398,0.928902780,-0.019971619,0.000000000,local_raw_sparc_rotmod_derived_no_raw_redistribution,paper3_seed_candidate_search_not_tau_core_validation
NGC2976,1.350000000,0.594713656,52.523735587,69.800000000,0.551881267,0.372200496,0.883725299,-0.032046817,0.000000000,local_raw_sparc_rotmod_derived_no_raw_redistribution,paper3_seed_candidate_search_not_tau_core_validation
NGC2976,1.420000000,0.625550661,55.245825634,71.700000000,0.580468693,0.360590708,0.825965858,-0.047220985,0.000000000,local_raw_sparc_rotmod_derived_no_raw_redistribution,paper3_seed_candidate_search_not_tau_core_validation
NGC2976,1.490000000,0.656387665,57.829067950,74.100000000,0.606141928,0.350811397,0.802033568,-0.052781469,0.000000000,local_raw_sparc_rotmod_derived_no_raw_redistribution,paper3_seed_candidate_search_not_tau_core_validation
NGC2976,1.560000000,0.687224670,60.289652512,76.700000000,0.629258618,0.342481689,0.794762999,-0.053778688,0.000000000,local_raw_sparc_rotmod_derived_no_raw_redistribution,paper3_seed_candidate_search_not_tau_core_validation
NGC2976,1.630000000,0.718061674,62.185613690,79.900000000,0.640708453,0.338511200,0.841517485,-0.040905781,0.000000000,local_raw_sparc_rotmod_derived_no_raw_redistribution,paper3_seed_candidate_search_not_tau_core_validation
NGC2976,1.740000000,0.766519824,64.207763939,83.600000000,0.639873393,0.338797435,0.891456653,-0.027852391,0.000000000,local_raw_sparc_rotmod_derived_no_raw_redistribution,paper3_seed_candidate_search_not_tau_core_validation
NGC2976,1.930000000,0.850220264,62.844321939,83.900000000,0.552640857,0.371881510,0.900945669,-0.027218137,0.000000000,local_raw_sparc_rotmod_derived_no_raw_redistribution,paper3_seed_candidate_search_not_tau_core_validation
NGC2976,2.100000000,0.925110132,61.153244395,88.700000000,0.480936701,0.404889988,1.112535597,0.031917973,0.000000000,local_raw_sparc_rotmod_derived_no_raw_redistribution,paper3_seed_candidate_search_not_tau_core_validation
NGC2976,2.270000000,1.000000000,60.032660278,85.300000000,0.428763226,0.433317466,0.971327615,-0.008705961,0.000000000,local_raw_sparc_rotmod_derived_no_raw_redistribution,paper3_seed_candidate_search_not_tau_core_validation
NGC3109,0.260000000,0.040310078,2.205493142,6.100000000,0.005052500,1.905448311,0.926722247,-0.049250062,0.000000000,local_raw_sparc_rotmod_derived_no_raw_redistribution,paper3_seed_candidate_search_not_tau_core_validation
NGC3109,0.520000000,0.080620155,3.959905302,11.200000000,0.008143938,1.734693254,1.053990647,0.033674393,0.000000000,local_raw_sparc_rotmod_derived_no_raw_redistribution,paper3_seed_candidate_search_not_tau_core_validation
NGC3109,0.770000000,0.119379845,6.709761546,14.900000000,0.015790346,1.499048457,0.814280038,-0.118112242,0.000000000,local_raw_sparc_rotmod_derived_no_raw_redistribution,paper3_seed_candidate_search_not_tau_core_validation
NGC3109,1.030000000,0.159689922,8.925561607,19.100000000,0.020888252,1.400126936,0.814155730,-0.114752542,0.000000000,local_raw_sparc_rotmod_derived_no_raw_redistribution,paper3_seed_candidate_search_not_tau_core_validation
NGC3109,1.290000000,0.200000000,11.138529975,24.300000000,0.025973726,1.323472295,0.892815388,-0.062996662,0.000000000,local_raw_sparc_rotmod_derived_no_raw_redistribution,paper3_seed_candidate_search_not_tau_core_validation
NGC3109,1.550000000,0.240310078,13.033909621,29.800000000,0.029599605,1.277699128,1.006765905,0.003788221,0.000000000,local_raw_sparc_rotmod_derived_no_raw_redistribution,paper3_seed_candidate_search_not_tau_core_validation
NGC3109,1.810000000,0.280620155,14.712909298,34.300000000,0.032298827,1.247224519,1.067398865,0.036724154,0.000000000,local_raw_sparc_rotmod_derived_no_raw_redistribution,paper3_seed_candidate_search_not_tau_core_validation
NGC3109,2.060000000,0.319379845,16.017879073,38.200000000,0.033636516,1.233081429,1.123068641,0.065747537,0.000000000,local_raw_sparc_rotmod_derived_no_raw_redistribution,paper3_seed_candidate_search_not_tau_core_validation
NGC3109,2.320000000,0.359689922,16.823960592,42.500000000,0.032948580,1.240280824,1.230494741,0.120098754,-0.000000000,local_raw_sparc_rotmod_derived_no_raw_redistribution,paper3_seed_candidate_search_not_tau_core_validation
NGC3109,2.580000000,0.400000000,17.400288791,42.300000000,0.031692859,1.253831366,1.141297127,0.075668686,0.000000000,local_raw_sparc_rotmod_derived_no_raw_redistribution,paper3_seed_candidate_search_not_tau_core_validation
NGC3109,2.840000000,0.440310078,17.905178022,47.300000000,0.030486471,1.267381173,1.295343468,0.152794852,0.000000000,local_raw_sparc_rotmod_derived_no_raw_redistribution,paper3_seed_candidate_search_not_tau_core_validation
NGC3109,3.100000000,0.480620155,18.405654023,49.300000000,0.029512705,1.278727202,1.312652735,0.161649138,0.000000000,local_raw_sparc_rotmod_derived_no_raw_redistribution,paper3_seed_candidate_search_not_tau_core_validation
NGC3109,3.350000000,0.519379845,19.020139327,50.600000000,0.029164248,1.282881150,1.294225915,0.153014886,0.000000000,local_raw_sparc_rotmod_derived_no_raw_redistribution,paper3_seed_candidate_search_not_tau_core_validation
NGC3109,3.610000000,0.559689922,19.570945302,53.000000000,0.028653958,1.289057336,1.325073773,0.168105741,0.000000000,local_raw_sparc_rotmod_derived_no_raw_redistribution,paper3_seed_candidate_search_not_tau_core_validation
NGC3109,3.870000000,0.600000000,19.417861623,54.700000000,0.026312375,1.318927710,1.377629723,0.194565480,0.000000000,local_raw_sparc_rotmod_derived_no_raw_redistribution,paper3_seed_candidate_search_not_tau_core_validation
NGC3109,4.130000000,0.640310078,19.231983777,55.200000000,0.024186127,1.348514769,1.386873003,0.200605123,0.000000000,local_raw_sparc_rotmod_derived_no_raw_redistribution,paper3_seed_candidate_search_not_tau_core_validation
NGC3109,4.380000000,0.679069767,19.522367940,57.500000000,0.023499525,1.358640982,1.431827431,0.222138468,0.000000000,local_raw_sparc_rotmod_derived_no_raw_redistribution,paper3_seed_candidate_search_not_tau_core_validation
NGC3109,4.640000000,0.719379845,19.848657385,59.100000000,0.022930446,1.367266044,1.446339853,0.229358836,0.000000000,local_raw_sparc_rotmod_derived_no_raw_redistribution,paper3_seed_candidate_search_not_tau_core_validation
NGC3109,4.900000000,0.759689922,20.248843177,61.200000000,0.022598133,1.372404442,1.473614353,0.242145552,0.000000000,local_raw_sparc_rotmod_derived_no_raw_redistribution,paper3_seed_candidate_search_not_tau_core_validation
NGC3109,5.160000000,0.800000000,20.624940000,62.700000000,0.022264036,1.377648882,1.480790113,0.245748290,0.000000000,local_raw_sparc_rotmod_derived_no_raw_redistribution,paper3_seed_candidate_search_not_tau_core_validation
NGC3109,5.420000000,0.840310078,21.172002739,64.400000000,0.022335352,1.376522685,1.483268592,0.246795587,0.000000000,local_raw_sparc_rotmod_derived_no_raw_redistribution,paper3_seed_candidate_search_not_tau_core_validation
NGC3109,5.670000000,0.879069767,21.687555187,66.600000000,0.022403009,1.375457676,1.505597441,0.256775851,0.000000000,local_raw_sparc_rotmod_derived_no_raw_redistribution,paper3_seed_candidate_search_not_tau_core_validation
NGC3109,5.930000000,0.919379845,21.721695376,66.300000000,0.021488245,1.390143546,1.476284911,0.244524924,0.000000000,local_raw_sparc_rotmod_derived_no_raw_redistribution,paper3_seed_candidate_search_not_tau_core_validation
NGC3109,6.190000000,0.959689922,21.540337741,66.200000000,0.020243359,1.411189084,1.469189168,0.242633090,0.000000000,local_raw_sparc_rotmod_derived_no_raw_redistribution,paper3_seed_candidate_search_not_tau_core_validation
NGC3109,6.450000000,1.000000000,21.363059238,67.300000000,0.019108887,1.431550940,1.502075692,0.258967709,0.000000000,local_raw_sparc_rotmod_derived_no_raw_redistribution,paper3_seed_candidate_search_not_tau_core_validation
NGC3198,0.320000000,0.007259528,44.745717113,24.400000000,1.689745022,0.167352753,-2.716993927,-0.761151182,0.000000000,local_raw_sparc_rotmod_derived_no_raw_redistribution,paper3_seed_candidate_search_not_tau_core_validation
NGC3198,0.640000000,0.014519056,52.085485502,43.300000000,1.144779037,0.226016963,-0.746290675,-0.388504359,0.000000000,local_raw_sparc_rotmod_derived_no_raw_redistribution,paper3_seed_candidate_search_not_tau_core_validation
NGC3198,0.960000000,0.021778584,55.847293578,45.500000000,0.877407291,0.273843254,-0.676585355,-0.446947255,0.000000000,local_raw_sparc_rotmod_derived_no_raw_redistribution,paper3_seed_candidate_search_not_tau_core_validation
NGC3198,1.280000000,0.029038113,58.478778202,58.500000000,0.721530709,0.313053905,0.001159217,-0.271992818,-0.000000000,local_raw_sparc_rotmod_derived_no_raw_redistribution,paper3_seed_candidate_search_not_tau_core_validation
NGC3198,1.610000000,0.036524501,59.552722020,68.800000000,0.594902188,0.355021447,0.437378777,-0.159475542,0.000000000,local_raw_sparc_rotmod_derived_no_raw_redistribution,paper3_seed_candidate_search_not_tau_core_validation
NGC3198,1.930000000,0.043784029,58.810049736,76.900000000,0.483965043,0.403365668,0.762582606,-0.070680278,0.000000000,local_raw_sparc_rotmod_derived_no_raw_redistribution,paper3_seed_candidate_search_not_tau_core_validation
NGC3198,2.240000000,0.050816697,61.544779632,82.000000000,0.456670158,0.417580928,0.795925258,-0.061997634,0.000000000,local_raw_sparc_rotmod_derived_no_raw_redistribution,paper3_seed_candidate_search_not_tau_core_validation
NGC3198,2.570000000,0.058303085,62.861685867,86.900000000,0.415247602,0.441426530,0.866282521,-0.041812087,0.000000000,local_raw_sparc_rotmod_derived_no_raw_redistribution,paper3_seed_candidate_search_not_tau_core_validation
NGC3198,2.890000000,0.065562613,62.902108868,97.600000000,0.369743696,0.471444792,1.170057034,0.053053033,0.000000000,local_raw_sparc_rotmod_derived_no_raw_redistribution,paper3_seed_candidate_search_not_tau_core_validation
NGC3198,3.210000000,0.072822142,66.323890492,100.000000000,0.370086432,0.471201310,1.077569847,0.024540730,0.000000000,local_raw_sparc_rotmod_derived_no_raw_redistribution,paper3_seed_candidate_search_not_tau_core_validation
NGC3198,3.540000000,0.080308530,71.572285837,107.000000000,0.390800150,0.456997753,1.083138965,0.025742920,0.000000000,local_raw_sparc_rotmod_derived_no_raw_redistribution,paper3_seed_candidate_search_not_tau_core_validation
NGC3198,3.850000000,0.087341198,76.743143342,113.000000000,0.413129918,0.442728075,1.067120598,0.020387956,0.000000000,local_raw_sparc_rotmod_derived_no_raw_redistribution,paper3_seed_candidate_search_not_tau_core_validation
NGC3198,4.170000000,0.094600726,81.692046430,117.000000000,0.432206909,0.431304263,1.002095289,0.000631188,0.000000000,local_raw_sparc_rotmod_derived_no_raw_redistribution,paper3_seed_candidate_search_not_tau_core_validation
NGC3198,4.500000000,0.102087114,85.268721991,119.000000000,0.436350223,0.428909552,0.922310863,-0.023595814,0.000000000,local_raw_sparc_rotmod_derived_no_raw_redistribution,paper3_seed_candidate_search_not_tau_core_validation
NGC3198,4.820000000,0.109346642,88.806109587,127.000000000,0.441882559,0.425757862,1.010155834,0.003028132,0.000000000,local_raw_sparc_rotmod_derived_no_raw_redistribution,paper3_seed_candidate_search_not_tau_core_validation
NGC3198,5.150000000,0.116833031,91.697439441,132.000000000,0.440935836,0.426293532,1.031019045,0.009228324,0.000000000,local_raw_sparc_rotmod_derived_no_raw_redistribution,paper3_seed_candidate_search_not_tau_core_validation
NGC3198,5.460000000,0.123865699,94.423126669,134.000000000,0.440993634,0.426260786,0.983303812,-0.005002413,0.000000000,local_raw_sparc_rotmod_derived_no_raw_redistribution,paper3_seed_candidate_search_not_tau_core_validation
NGC3198,5.780000000,0.131125227,96.841919384,137.000000000,0.438194727,0.427852998,0.969203512,-0.009270942,0.000000000,local_raw_sparc_rotmod_derived_no_raw_redistribution,paper3_seed_candidate_search_not_tau_core_validation
NGC3198,6.100000000,0.138384755,99.030629858,140.000000000,0.434187640,0.430155746,0.961754036,-0.011570124,0.000000000,local_raw_sparc_rotmod_derived_no_raw_redistribution,paper3_seed_candidate_search_not_tau_core_validation
NGC3198,6.430000000,0.145871143,100.862695532,142.000000000,0.427285718,0.434187685,0.939350692,-0.018531700,0.000000000,local_raw_sparc_rotmod_derived_no_raw_redistribution,paper3_seed_candidate_search_not_tau_core_validation
NGC3198,6.740000000,0.152903811,101.321390140,144.000000000,0.411349138,0.443829248,0.949058988,-0.015783030,0.000000000,local_raw_sparc_rotmod_derived_no_raw_redistribution,paper3_seed_candidate_search_not_tau_core_validation
NGC3198,7.060000000,0.160163339,100.487206648,146.000000000,0.386264731,0.460024272,0.984559509,-0.004876861,0.000000000,local_raw_sparc_rotmod_derived_no_raw_redistribution,paper3_seed_candidate_search_not_tau_core_validation
NGC3198,8.040000000,0.182395644,97.330176718,147.000000000,0.318205135,0.511678833,0.997350137,-0.000897338,0.000000000,local_raw_sparc_rotmod_derived_no_raw_redistribution,paper3_seed_candidate_search_not_tau_core_validation
NGC3198,9.040000000,0.205081670,94.626703155,148.000000000,0.267502101,0.560043350,1.007137288,0.002558954,0.000000000,local_raw_sparc_rotmod_derived_no_raw_redistribution,paper3_seed_candidate_search_not_tau_core_validation
NGC3198,10.040000000,0.227767695,93.624502135,152.000000000,0.235783570,0.596356636,1.045526440,0.016864467,0.000000000,local_raw_sparc_rotmod_derived_no_raw_redistribution,paper3_seed_candidate_search_not_tau_core_validation
NGC3198,11.040000000,0.250453721,93.573344762,155.000000000,0.214192097,0.624585936,1.051023711,0.019426578,0.000000000,local_raw_sparc_rotmod_derived_no_raw_redistribution,paper3_seed_candidate_search_not_tau_core_validation
NGC3198,12.050000000,0.273366606,93.362799337,156.000000000,0.195356961,0.652093803,1.028841330,0.011319580,0.000000000,local_raw_sparc_rotmod_derived_no_raw_redistribution,paper3_seed_candidate_search_not_tau_core_validation
NGC3198,14.050000000,0.318738657,90.360597608,157.000000000,0.156945936,0.719149540,1.025493217,0.010607785,0.000000000,local_raw_sparc_rotmod_derived_no_raw_redistribution,paper3_seed_candidate_search_not_tau_core_validation
NGC3198,16.070000000,0.364564428,84.752162804,153.000000000,0.120712963,0.802189732,1.003831927,0.001704212,0.000000000,local_raw_sparc_rotmod_derived_no_raw_redistribution,paper3_seed_candidate_search_not_tau_core_validation
NGC3198,18.130000000,0.411297641,80.848145310,153.000000000,0.097366717,0.871986332,1.023452662,0.010865199,0.000000000,local_raw_sparc_rotmod_derived_no_raw_redistribution,paper3_seed_candidate_search_not_tau_core_validation
NGC3198,20.050000000,0.454854809,78.948773898,154.000000000,0.083954622,0.920914157,1.032269874,0.015352196,0.000000000,local_raw_sparc_rotmod_derived_no_raw_redistribution,paper3_seed_candidate_search_not_tau_core_validation
NGC3198,22.120000000,0.501814882,76.590229142,153.000000000,0.071619259,0.974002353,1.024272523,0.011905277,0.000000000,local_raw_sparc_rotmod_derived_no_raw_redistribution,paper3_seed_candidate_search_not_tau_core_validation
NGC3198,24.030000000,0.545145191,74.376362845,150.000000000,0.062170493,1.021748123,0.995127610,-0.002465438,0.000000000,local_raw_sparc_rotmod_derived_no_raw_redistribution,paper3_seed_candidate_search_not_tau_core_validation
NGC3198,26.100000000,0.592105263,72.991290919,149.000000000,0.055127689,1.062635382,0.979959302,-0.010378302,0.000000000,local_raw_sparc_rotmod_derived_no_raw_redistribution,paper3_seed_candidate_search_not_tau_core_validation
NGC3198,28.160000000,0.638838475,72.022981749,148.000000000,0.049748244,1.097758975,0.960957436,-0.020642606,0.000000000,local_raw_sparc_rotmod_derived_no_raw_redistribution,paper3_seed_candidate_search_not_tau_core_validation
NGC3198,30.080000000,0.682395644,70.317185311,146.000000000,0.044392881,1.136920283,0.946685625,-0.028775276,0.000000000,local_raw_sparc_rotmod_derived_no_raw_redistribution,paper3_seed_candidate_search_not_tau_core_validation
NGC3198,32.140000000,0.729128857,68.336227947,147.000000000,0.039239579,1.179561110,0.975895509,-0.013130994,0.000000000,local_raw_sparc_rotmod_derived_no_raw_redistribution,paper3_seed_candidate_search_not_tau_core_validation
NGC3198,34.060000000,0.772686025,67.246190598,148.000000000,0.035855761,1.210852420,0.991754357,-0.004526249,0.000000000,local_raw_sparc_rotmod_derived_no_raw_redistribution,paper3_seed_candidate_search_not_tau_core_validation
NGC3198,36.120000000,0.819419238,66.791932148,148.000000000,0.033355579,1.236002973,0.983684109,-0.009059908,0.000000000,local_raw_sparc_rotmod_derived_no_raw_redistribution,paper3_seed_candidate_search_not_tau_core_validation
NGC3198,38.190000000,0.866379310,66.352667995,149.000000000,0.031134029,1.260040702,0.988520941,-0.006420488,0.000000000,local_raw_sparc_rotmod_derived_no_raw_redistribution,paper3_seed_candidate_search_not_tau_core_validation
NGC3198,40.100000000,0.909709619,66.003508998,150.000000000,0.029339850,1.280781468,0.993617161,-0.003590747,0.000000000,local_raw_sparc_rotmod_derived_no_raw_redistribution,paper3_seed_candidate_search_not_tau_core_validation
NGC3198,42.170000000,0.956669691,66.218954235,150.000000000,0.028082078,1.296114732,0.976157762,-0.013549893,0.000000000,local_raw_sparc_rotmod_derived_no_raw_redistribution,paper3_seed_candidate_search_not_tau_core_validation
NGC3198,44.080000000,1.000000000,64.713167516,149.000000000,0.025657358,1.327773099,0.980941730,-0.010930450,0.000000000,local_raw_sparc_rotmod_derived_no_raw_redistribution,paper3_seed_candidate_search_not_tau_core_validation
NGC3741,0.230000000,0.032857143,8.560519844,13.100000000,0.086047974,0.912742451,0.580975387,-0.223086738,0.000000000,local_raw_sparc_rotmod_derived_no_raw_redistribution,paper3_seed_candidate_search_not_tau_core_validation
NGC3741,0.470000000,0.067142857,10.903655350,17.300000000,0.068314766,0.989896238,0.592611490,-0.226474080,0.000000000,local_raw_sparc_rotmod_derived_no_raw_redistribution,paper3_seed_candidate_search_not_tau_core_validation
NGC3741,0.700000000,0.100000000,11.392291253,23.600000000,0.050071699,1.095536796,0.978128945,-0.011499957,0.000000000,local_raw_sparc_rotmod_derived_no_raw_redistribution,paper3_seed_candidate_search_not_tau_core_validation
NGC3741,0.930000000,0.132857143,11.489231915,26.200000000,0.038332510,1.187666280,1.078077362,0.041513819,0.000000000,local_raw_sparc_rotmod_derived_no_raw_redistribution,paper3_seed_candidate_search_not_tau_core_validation
NGC3741,1.170000000,0.167142857,11.335620848,27.400000000,0.029660124,1.276984986,1.109769650,0.059740765,0.000000000,local_raw_sparc_rotmod_derived_no_raw_redistribution,paper3_seed_candidate_search_not_tau_core_validation
NGC3741,1.400000000,0.200000000,11.197535443,26.900000000,0.024187170,1.348499602,1.039907124,0.022655925,0.000000000,local_raw_sparc_rotmod_derived_no_raw_redistribution,paper3_seed_candidate_search_not_tau_core_validation
NGC3741,1.640000000,0.234285714,11.167316150,27.400000000,0.020536290,1.406120396,1.033758304,0.019536046,0.000000000,local_raw_sparc_rotmod_derived_no_raw_redistribution,paper3_seed_candidate_search_not_tau_core_validation
NGC3741,1.870000000,0.267142857,11.071555898,31.000000000,0.017702880,1.458567349,1.234065605,0.130029115,-0.000000000,local_raw_sparc_rotmod_derived_no_raw_redistribution,paper3_seed_candidate_search_not_tau_core_validation
NGC3741,2.100000000,0.300000000,11.003588051,32.500000000,0.015571038,1.504005729,1.298919278,0.165126942,0.000000000,local_raw_sparc_rotmod_derived_no_raw_redistribution,paper3_seed_candidate_search_not_tau_core_validation
NGC3741,2.330000000,0.332857143,11.298119313,33.000000000,0.014795328,1.522127074,1.261944642,0.146768660,0.000000000,local_raw_sparc_rotmod_derived_no_raw_redistribution,paper3_seed_candidate_search_not_tau_core_validation
NGC3741,2.570000000,0.367142857,11.720311429,36.500000000,0.014434887,1.530878036,1.381071299,0.207422612,0.000000000,local_raw_sparc_rotmod_derived_no_raw_redistribution,paper3_seed_candidate_search_not_tau_core_validation
NGC3741,2.800000000,0.400000000,12.212722874,38.900000000,0.014385839,1.532085960,1.426292604,0.229472530,0.000000000,local_raw_sparc_rotmod_derived_no_raw_redistribution,paper3_seed_candidate_search_not_tau_core_validation
NGC3741,3.260000000,0.465714286,12.754060138,41.500000000,0.013475582,1.555294165,1.449157236,0.241676414,0.000000000,local_raw_sparc_rotmod_derived_no_raw_redistribution,paper3_seed_candidate_search_not_tau_core_validation
NGC3741,3.730000000,0.532857143,13.048107142,42.700000000,0.012326915,1.586959828,1.431986669,0.235072469,0.000000000,local_raw_sparc_rotmod_derived_no_raw_redistribution,paper3_seed_candidate_search_not_tau_core_validation
NGC3741,4.210000000,0.601428571,13.675686454,44.700000000,0.011997324,1.596599133,1.420879200,0.230151394,0.000000000,local_raw_sparc_rotmod_derived_no_raw_redistribution,paper3_seed_candidate_search_not_tau_core_validation
NGC3741,4.670000000,0.667142857,14.019862695,46.700000000,0.011366816,1.615809493,1.442613384,0.241695470,0.000000000,local_raw_sparc_rotmod_derived_no_raw_redistribution,paper3_seed_candidate_search_not_tau_core_validation
NGC3741,5.140000000,0.734285714,14.276288033,48.500000000,0.010708674,1.637047067,1.464369398,0.253304060,0.000000000,local_raw_sparc_rotmod_derived_no_raw_redistribution,paper3_seed_candidate_search_not_tau_core_validation
NGC3741,5.610000000,0.801428571,14.241420224,50.000000000,0.009763644,1.669970103,1.503551347,0.273801095,0.000000000,local_raw_sparc_rotmod_derived_no_raw_redistribution,paper3_seed_candidate_search_not_tau_core_validation
NGC3741,6.070000000,0.867142857,14.115199255,50.200000000,0.008864486,1.704430002,1.499885575,0.273871679,0.000000000,local_raw_sparc_rotmod_derived_no_raw_redistribution,paper3_seed_candidate_search_not_tau_core_validation
NGC3741,6.540000000,0.934285714,13.885407808,50.100000000,0.007961735,1.742773859,1.496524815,0.274212752,0.000000000,local_raw_sparc_rotmod_derived_no_raw_redistribution,paper3_seed_candidate_search_not_tau_core_validation
NGC3741,7.000000000,1.000000000,13.657430212,51.600000000,0.007196282,1.778890084,1.561739653,0.307186363,0.000000000,local_raw_sparc_rotmod_derived_no_raw_redistribution,paper3_seed_candidate_search_not_tau_core_validation
NGC3917,0.870000000,0.058546433,25.201285681,24.300000000,0.197148897,0.649345977,-0.055076156,-0.536797494,0.000000000,local_raw_sparc_rotmod_derived_no_raw_redistribution,paper3_seed_candidate_search_not_tau_core_validation
NGC3917,1.740000000,0.117092867,33.615856378,49.600000000,0.175391006,0.684841802,0.694312417,-0.132678711,0.000000000,local_raw_sparc_rotmod_derived_no_raw_redistribution,paper3_seed_candidate_search_not_tau_core_validation
NGC3917,2.610000000,0.175639300,42.758747058,73.600000000,0.189181055,0.661793631,1.089894496,0.035173722,0.000000000,local_raw_sparc_rotmod_derived_no_raw_redistribution,paper3_seed_candidate_search_not_tau_core_validation
NGC3917,3.500000000,0.235531629,52.647731195,101.000000000,0.213874735,0.625025624,1.469397764,0.165973787,-0.000000000,local_raw_sparc_rotmod_derived_no_raw_redistribution,paper3_seed_candidate_search_not_tau_core_validation
NGC3917,4.370000000,0.294078062,61.591720629,107.000000000,0.234439856,0.598022464,1.232807338,0.083534473,0.000000000,local_raw_sparc_rotmod_derived_no_raw_redistribution,paper3_seed_candidate_search_not_tau_core_validation
NGC3917,5.240000000,0.352624495,69.499903237,115.000000000,0.248946097,0.580614825,1.127560880,0.045792867,0.000000000,local_raw_sparc_rotmod_derived_no_raw_redistribution,paper3_seed_candidate_search_not_tau_core_validation
NGC3917,6.110000000,0.411170929,74.778139854,123.000000000,0.247158934,0.582693049,1.106698864,0.038530904,0.000000000,local_raw_sparc_rotmod_derived_no_raw_redistribution,paper3_seed_candidate_search_not_tau_core_validation
NGC3917,6.980000000,0.469717362,78.190455939,130.000000000,0.236548543,0.595413325,1.112852166,0.041254017,0.000000000,local_raw_sparc_rotmod_derived_no_raw_redistribution,paper3_seed_candidate_search_not_tau_core_validation
NGC3917,7.850000000,0.528263795,80.165171989,134.000000000,0.221090463,0.615213939,1.091569606,0.034283226,0.000000000,local_raw_sparc_rotmod_derived_no_raw_redistribution,paper3_seed_candidate_search_not_tau_core_validation
NGC3917,8.720000000,0.586810229,79.831604644,136.000000000,0.197379226,0.648994891,1.084116315,0.032569466,0.000000000,local_raw_sparc_rotmod_derived_no_raw_redistribution,paper3_seed_candidate_search_not_tau_core_validation
NGC3917,9.600000000,0.646029610,80.957693581,137.000000000,0.184379753,0.669591718,1.033826833,0.013475093,0.000000000,local_raw_sparc_rotmod_derived_no_raw_redistribution,paper3_seed_candidate_search_not_tau_core_validation
NGC3917,10.470000000,0.704576043,80.593561467,136.000000000,0.167541432,0.698912929,0.983641431,-0.006752471,0.000000000,local_raw_sparc_rotmod_derived_no_raw_redistribution,paper3_seed_candidate_search_not_tau_core_validation
NGC3917,11.350000000,0.763795424,79.835647113,137.000000000,0.151658252,0.729838257,0.981074114,-0.008017096,0.000000000,local_raw_sparc_rotmod_derived_no_raw_redistribution,paper3_seed_candidate_search_not_tau_core_validation
NGC3917,12.190000000,0.820323015,78.349250794,137.000000000,0.135998525,0.764144373,0.979632753,-0.008861279,0.000000000,local_raw_sparc_rotmod_derived_no_raw_redistribution,paper3_seed_candidate_search_not_tau_core_validation
NGC3917,13.120000000,0.882907133,75.143965826,137.000000000,0.116231167,0.814367605,1.010805209,0.004838128,0.000000000,local_raw_sparc_rotmod_derived_no_raw_redistribution,paper3_seed_candidate_search_not_tau_core_validation
NGC3917,13.940000000,0.938088829,73.163248288,138.000000000,0.103703017,0.851362190,1.040911750,0.018638776,-0.000000000,local_raw_sparc_rotmod_derived_no_raw_redistribution,paper3_seed_candidate_search_not_tau_core_validation
NGC3917,14.860000000,1.000000000,70.115021928,137.000000000,0.089345266,0.900296590,1.059575505,0.027833888,0.000000000,local_raw_sparc_rotmod_derived_no_raw_redistribution,paper3_seed_candidate_search_not_tau_core_validation
NGC3972,0.870000000,0.099770642,34.075475785,39.600000000,0.360439861,0.478165764,0.339058374,-0.240550792,0.000000000,local_raw_sparc_rotmod_derived_no_raw_redistribution,paper3_seed_candidate_search_not_tau_core_validation
NGC3972,1.740000000,0.199541284,43.672336210,73.000000000,0.296027331,0.531578585,1.263291481,0.087445620,0.000000000,local_raw_sparc_rotmod_derived_no_raw_redistribution,paper3_seed_candidate_search_not_tau_core_validation
NGC3972,2.610000000,0.299311927,52.995118171,89.400000000,0.290602557,0.536726857,1.279883479,0.093266146,0.000000000,local_raw_sparc_rotmod_derived_no_raw_redistribution,paper3_seed_candidate_search_not_tau_core_validation
NGC3972,3.500000000,0.401376147,60.601796178,102.000000000,0.283381280,0.543765683,1.256273522,0.086423601,0.000000000,local_raw_sparc_rotmod_derived_no_raw_redistribution,paper3_seed_candidate_search_not_tau_core_validation
NGC3972,4.370000000,0.501146789,64.550338496,110.000000000,0.257503905,0.570905684,1.233297248,0.081382683,0.000000000,local_raw_sparc_rotmod_derived_no_raw_redistribution,paper3_seed_candidate_search_not_tau_core_validation
NGC3972,5.240000000,0.600917431,73.290148724,116.000000000,0.276839546,0.550333843,1.058903139,0.020693698,0.000000000,local_raw_sparc_rotmod_derived_no_raw_redistribution,paper3_seed_candidate_search_not_tau_core_validation
NGC3972,6.110000000,0.700688073,79.207570345,123.000000000,0.277306712,0.549858546,1.005498367,0.001948810,-0.000000000,local_raw_sparc_rotmod_derived_no_raw_redistribution,paper3_seed_candidate_search_not_tau_core_validation
NGC3972,6.980000000,0.800458716,77.887968262,130.000000000,0.234721859,0.597671918,1.119450203,0.043715442,0.000000000,local_raw_sparc_rotmod_derived_no_raw_redistribution,paper3_seed_candidate_search_not_tau_core_validation
NGC3972,7.850000000,0.900229358,75.170240122,134.000000000,0.194397389,0.653577336,1.197441083,0.075143367,0.000000000,local_raw_sparc_rotmod_derived_no_raw_redistribution,paper3_seed_candidate_search_not_tau_core_validation
NGC3972,8.720000000,1.000000000,71.930584246,134.000000000,0.160242938,0.712689719,1.210775364,0.084073184,0.000000000,local_raw_sparc_rotmod_derived_no_raw_redistribution,paper3_seed_candidate_search_not_tau_core_validation
NGC4183,0.870000000,0.041389153,27.802927903,47.100000000,0.239955121,0.591256280,1.173883828,0.062607848,0.000000000,local_raw_sparc_rotmod_derived_no_raw_redistribution,paper3_seed_candidate_search_not_tau_core_validation
NGC4183,1.740000000,0.082778306,34.973598614,65.900000000,0.189845192,0.660733029,1.338329496,0.126285901,0.000000000,local_raw_sparc_rotmod_derived_no_raw_redistribution,paper3_seed_candidate_search_not_tau_core_validation
NGC4183,2.610000000,0.124167460,41.836754774,76.100000000,0.181110521,0.675037057,1.213229301,0.082437722,0.000000000,local_raw_sparc_rotmod_derived_no_raw_redistribution,paper3_seed_candidate_search_not_tau_core_validation
NGC4183,3.500000000,0.166508088,44.302822145,85.700000000,0.151447793,0.730272389,1.279541753,0.111525599,0.000000000,local_raw_sparc_rotmod_derived_no_raw_redistribution,paper3_seed_candidate_search_not_tau_core_validation
NGC4183,4.370000000,0.207897241,49.597785233,96.600000000,0.152023714,0.729086005,1.299802228,0.119039613,0.000000000,local_raw_sparc_rotmod_derived_no_raw_redistribution,paper3_seed_candidate_search_not_tau_core_validation
NGC4183,5.240000000,0.249286394,53.749498137,99.300000000,0.148896932,0.735589165,1.152082100,0.062464309,0.000000000,local_raw_sparc_rotmod_derived_no_raw_redistribution,paper3_seed_candidate_search_not_tau_core_validation
NGC4183,6.110000000,0.290675547,57.127591407,103.000000000,0.144250998,0.745542262,1.077043795,0.032376517,0.000000000,local_raw_sparc_rotmod_derived_no_raw_redistribution,paper3_seed_candidate_search_not_tau_core_validation
NGC4183,6.980000000,0.332064700,60.194885165,107.000000000,0.140194820,0.754531703,1.030519545,0.013039465,-0.000000000,local_raw_sparc_rotmod_derived_no_raw_redistribution,paper3_seed_candidate_search_not_tau_core_validation
NGC4183,7.850000000,0.373453853,63.666768019,111.000000000,0.139451811,0.756210044,0.983129923,-0.007290633,0.000000000,local_raw_sparc_rotmod_derived_no_raw_redistribution,paper3_seed_candidate_search_not_tau_core_validation
NGC4183,8.720000000,0.414843007,66.980377350,114.000000000,0.138946274,0.757357724,0.926894896,-0.032012641,0.000000000,local_raw_sparc_rotmod_derived_no_raw_redistribution,paper3_seed_candidate_search_not_tau_core_validation
NGC4183,9.600000000,0.456707897,66.525354941,115.000000000,0.124500581,0.792282207,0.919702855,-0.036140808,0.000000000,local_raw_sparc_rotmod_derived_no_raw_redistribution,paper3_seed_candidate_search_not_tau_core_validation
NGC4183,10.470000000,0.498097050,64.987584968,111.000000000,0.108938734,0.835334313,0.847587043,-0.071892702,0.000000000,local_raw_sparc_rotmod_derived_no_raw_redistribution,paper3_seed_candidate_search_not_tau_core_validation
NGC4183,11.350000000,0.539961941,65.263730739,110.000000000,0.101348223,0.858862088,0.798113092,-0.097920611,0.000000000,local_raw_sparc_rotmod_derived_no_raw_redistribution,paper3_seed_candidate_search_not_tau_core_validation
NGC4183,12.310000000,0.585632731,62.214156347,111.000000000,0.084915816,0.917135030,0.855010251,-0.071884266,0.000000000,local_raw_sparc_rotmod_derived_no_raw_redistribution,paper3_seed_candidate_search_not_tau_core_validation
NGC4183,13.120000000,0.624167460,59.742668588,109.000000000,0.073468912,0.965443790,0.854002749,-0.074416667,0.000000000,local_raw_sparc_rotmod_derived_no_raw_redistribution,paper3_seed_candidate_search_not_tau_core_validation
NGC4183,14.050000000,0.668411037,58.099595093,108.000000000,0.064884072,1.007286859,0.852663742,-0.076811457,0.000000000,local_raw_sparc_rotmod_derived_no_raw_redistribution,paper3_seed_candidate_search_not_tau_core_validation
NGC4183,14.980000000,0.712654615,57.551654190,109.000000000,0.059713430,1.035430866,0.863361141,-0.072042520,0.000000000,local_raw_sparc_rotmod_derived_no_raw_redistribution,paper3_seed_candidate_search_not_tau_core_validation
NGC4183,16.030000000,0.762607041,55.994676533,111.000000000,0.052823621,1.077218115,0.911914948,-0.046755977,0.000000000,local_raw_sparc_rotmod_derived_no_raw_redistribution,paper3_seed_candidate_search_not_tau_core_validation
NGC4183,16.950000000,0.806374881,53.993956606,110.000000000,0.046450331,1.121319176,0.925039952,-0.040429908,0.000000000,local_raw_sparc_rotmod_derived_no_raw_redistribution,paper3_seed_candidate_search_not_tau_core_validation
NGC4183,17.880000000,0.850618459,53.710078663,109.000000000,0.043572479,1.143352599,0.900347163,-0.054624025,0.000000000,local_raw_sparc_rotmod_derived_no_raw_redistribution,paper3_seed_candidate_search_not_tau_core_validation
NGC4183,18.930000000,0.900570885,52.444908237,110.000000000,0.039239571,1.179561180,0.930379108,-0.038406449,-0.000000000,local_raw_sparc_rotmod_derived_no_raw_redistribution,paper3_seed_candidate_search_not_tau_core_validation
NGC4183,19.970000000,0.950047574,50.884379725,112.000000000,0.035015402,1.219098086,0.985210631,-0.008157969,0.000000000,local_raw_sparc_rotmod_derived_no_raw_redistribution,paper3_seed_candidate_search_not_tau_core_validation
NGC4183,21.020000000,1.000000000,49.931262251,113.000000000,0.032031744,1.250120624,1.010391477,0.005756689,0.000000000,local_raw_sparc_rotmod_derived_no_raw_redistribution,paper3_seed_candidate_search_not_tau_core_validation
NGC4559,0.670000000,0.031950405,41.706129046,43.800000000,0.701121317,0.319090312,0.157339009,-0.227956621,0.000000000,local_raw_sparc_rotmod_derived_no_raw_redistribution,paper3_seed_candidate_search_not_tau_core_validation
NGC4559,1.320000000,0.062947067,53.846613635,64.200000000,0.593213560,0.355663402,0.540610961,-0.128427236,0.000000000,local_raw_sparc_rotmod_derived_no_raw_redistribution,paper3_seed_candidate_search_not_tau_core_validation
NGC4559,1.970000000,0.093943729,62.510543511,73.300000000,0.535683824,0.379147299,0.455237811,-0.162240039,0.000000000,local_raw_sparc_rotmod_derived_no_raw_redistribution,paper3_seed_candidate_search_not_tau_core_validation
NGC4559,2.620000000,0.124940391,68.582608218,84.200000000,0.484836059,0.402929581,0.565152113,-0.133406665,0.000000000,local_raw_sparc_rotmod_derived_no_raw_redistribution,paper3_seed_candidate_search_not_tau_core_validation
NGC4559,3.280000000,0.156413925,75.868864167,96.200000000,0.473937998,0.408461940,0.656064387,-0.105075307,0.000000000,local_raw_sparc_rotmod_derived_no_raw_redistribution,paper3_seed_candidate_search_not_tau_core_validation
NGC4559,3.930000000,0.187410587,82.075860946,102.000000000,0.462920648,0.414228423,0.586035901,-0.129255238,0.000000000,local_raw_sparc_rotmod_derived_no_raw_redistribution,paper3_seed_candidate_search_not_tau_core_validation
NGC4559,4.580000000,0.218407248,83.966646354,104.000000000,0.415734768,0.441128328,0.540856312,-0.151455121,0.000000000,local_raw_sparc_rotmod_derived_no_raw_redistribution,paper3_seed_candidate_search_not_tau_core_validation
NGC4559,5.220000000,0.248927039,83.750637908,106.000000000,0.362889125,0.476375305,0.557673747,-0.153994659,0.000000000,local_raw_sparc_rotmod_derived_no_raw_redistribution,paper3_seed_candidate_search_not_tau_core_validation
NGC4559,5.900000000,0.281354316,83.657004489,106.000000000,0.320347115,0.509848130,0.523839518,-0.175295135,0.000000000,local_raw_sparc_rotmod_derived_no_raw_redistribution,paper3_seed_candidate_search_not_tau_core_validation
NGC4559,6.540000000,0.311874106,82.424156653,108.000000000,0.280543031,0.546592460,0.567690746,-0.165801428,0.000000000,local_raw_sparc_rotmod_derived_no_raw_redistribution,paper3_seed_candidate_search_not_tau_core_validation
NGC4559,7.190000000,0.342870768,81.325187673,111.000000000,0.248421664,0.581222809,0.627798477,-0.147124056,0.000000000,local_raw_sparc_rotmod_derived_no_raw_redistribution,paper3_seed_candidate_search_not_tau_core_validation
NGC4559,7.870000000,0.375298045,81.888719919,114.000000000,0.230113258,0.603464368,0.649803288,-0.141329321,0.000000000,local_raw_sparc_rotmod_derived_no_raw_redistribution,paper3_seed_candidate_search_not_tau_core_validation
NGC4559,8.510000000,0.405817835,82.337482959,116.000000000,0.215146270,0.623268580,0.655954575,-0.141678015,0.000000000,local_raw_sparc_rotmod_derived_no_raw_redistribution,paper3_seed_candidate_search_not_tau_core_validation
NGC4559,9.160000000,0.436814497,81.499166560,117.000000000,0.195829931,0.651365692,0.668744928,-0.140021497,0.000000000,local_raw_sparc_rotmod_derived_no_raw_redistribution,paper3_seed_candidate_search_not_tau_core_validation
NGC4559,9.840000000,0.469241774,79.877123446,118.000000000,0.175112821,0.685328034,0.696409599,-0.131765096,0.000000000,local_raw_sparc_rotmod_derived_no_raw_redistribution,paper3_seed_candidate_search_not_tau_core_validation
NGC4559,10.480000000,0.499761564,78.393117045,120.000000000,0.158366308,0.716347865,0.740906282,-0.114443087,0.000000000,local_raw_sparc_rotmod_derived_no_raw_redistribution,paper3_seed_candidate_search_not_tau_core_validation
NGC4559,11.130000000,0.530758226,77.171964469,121.000000000,0.144508088,0.744982101,0.762336319,-0.106989989,0.000000000,local_raw_sparc_rotmod_derived_no_raw_redistribution,paper3_seed_candidate_search_not_tau_core_validation
NGC4559,11.780000000,0.561754888,75.589790647,122.000000000,0.130993336,0.776053847,0.791149447,-0.095694148,0.000000000,local_raw_sparc_rotmod_derived_no_raw_redistribution,paper3_seed_candidate_search_not_tau_core_validation
NGC4559,12.430000000,0.592751550,74.020543770,122.000000000,0.119042386,0.806669630,0.803539710,-0.091806796,0.000000000,local_raw_sparc_rotmod_derived_no_raw_redistribution,paper3_seed_candidate_search_not_tau_core_validation
NGC4559,13.080000000,0.623748212,72.946997197,122.000000000,0.109869033,0.832574970,0.807671631,-0.091434132,0.000000000,local_raw_sparc_rotmod_derived_no_raw_redistribution,paper3_seed_candidate_search_not_tau_core_validation
NGC4559,13.730000000,0.654744874,72.417418140,123.000000000,0.103153447,0.853095769,0.818766694,-0.087120126,0.000000000,local_raw_sparc_rotmod_derived_no_raw_redistribution,paper3_seed_candidate_search_not_tau_core_validation
NGC4559,14.380000000,0.685741536,71.812339121,124.000000000,0.096851749,0.873726429,0.831750912,-0.081703940,0.000000000,local_raw_sparc_rotmod_derived_no_raw_redistribution,paper3_seed_candidate_search_not_tau_core_validation
NGC4559,15.030000000,0.716738197,70.989966545,124.000000000,0.090553068,0.895861504,0.833528074,-0.081930340,0.000000000,local_raw_sparc_rotmod_derived_no_raw_redistribution,paper3_seed_candidate_search_not_tau_core_validation
NGC4559,15.680000000,0.747734859,70.705452053,123.000000000,0.086104918,0.912523168,0.810512301,-0.094761730,-0.000000000,local_raw_sparc_rotmod_derived_no_raw_redistribution,paper3_seed_candidate_search_not_tau_core_validation
NGC4559,16.330000000,0.778731521,70.767385496,123.000000000,0.082822498,0.925425574,0.797566891,-0.102360903,0.000000000,local_raw_sparc_rotmod_derived_no_raw_redistribution,paper3_seed_candidate_search_not_tau_core_validation
NGC4559,16.980000000,0.809728183,70.789229054,123.000000000,0.079701205,0.938215769,0.786122444,-0.109290345,0.000000000,local_raw_sparc_rotmod_derived_no_raw_redistribution,paper3_seed_candidate_search_not_tau_core_validation
NGC4559,17.720000000,0.845016691,70.748456874,121.000000000,0.076284874,0.952846481,0.745434513,-0.132628222,0.000000000,local_raw_sparc_rotmod_derived_no_raw_redistribution,paper3_seed_candidate_search_not_tau_core_validation
NGC4559,18.280000000,0.871721507,70.910999852,122.000000000,0.074288097,0.961726588,0.749138594,-0.131229521,0.000000000,local_raw_sparc_rotmod_derived_no_raw_redistribution,paper3_seed_candidate_search_not_tau_core_validation
NGC4559,19.020000000,0.907010014,70.817977237,122.000000000,0.071210614,0.975925015,0.740555272,-0.137128490,0.000000000,local_raw_sparc_rotmod_derived_no_raw_redistribution,paper3_seed_candidate_search_not_tau_core_validation
NGC4559,19.670000000,0.938006676,70.541566470,121.000000000,0.068320974,0.989865615,0.722624074,-0.148478692,0.000000000,local_raw_sparc_rotmod_derived_no_raw_redistribution,paper3_seed_candidate_search_not_tau_core_validation
NGC4559,20.320000000,0.969003338,70.028743384,120.000000000,0.065177421,1.005762079,0.709493924,-0.157438112,0.000000000,local_raw_sparc_rotmod_derived_no_raw_redistribution,paper3_seed_candidate_search_not_tau_core_validation
NGC4559,20.970000000,1.000000000,69.270935103,119.000000000,0.061797638,1.023787255,0.701212297,-0.163872553,0.000000000,local_raw_sparc_rotmod_derived_no_raw_redistribution,paper3_seed_candidate_search_not_tau_core_validation
NGC5055,0.720000000,0.013189229,142.484859547,125.000000000,7.615056844,0.044418246,-2.762689154,-0.174382036,0.000000000,local_raw_sparc_rotmod_derived_no_raw_redistribution,paper3_seed_candidate_search_not_tau_core_validation
NGC5055,1.430000000,0.026195274,169.838296182,162.000000000,5.447577531,0.060672047,-0.760671945,-0.106153164,0.000000000,local_raw_sparc_rotmod_derived_no_raw_redistribution,paper3_seed_candidate_search_not_tau_core_validation
NGC5055,2.160000000,0.039567686,186.204926224,178.000000000,4.335076747,0.074723024,-0.589697211,-0.117127247,0.000000000,local_raw_sparc_rotmod_derived_no_raw_redistribution,paper3_seed_candidate_search_not_tau_core_validation
NGC5055,2.870000000,0.052573731,198.584967709,193.000000000,3.710898307,0.085897668,-0.327410739,-0.110933858,0.000000000,local_raw_sparc_rotmod_derived_no_raw_redistribution,paper3_seed_candidate_search_not_tau_core_validation
NGC5055,3.590000000,0.065762960,193.360471917,192.000000000,2.812607658,0.109512480,-0.064247801,-0.110981517,0.000000000,local_raw_sparc_rotmod_derived_no_raw_redistribution,paper3_seed_candidate_search_not_tau_core_validation
NGC5055,4.300000000,0.078769005,192.528149370,190.000000000,2.328028141,0.128649010,-0.102070924,-0.134239652,0.000000000,local_raw_sparc_rotmod_derived_no_raw_redistribution,paper3_seed_candidate_search_not_tau_core_validation
NGC5055,5.030000000,0.092141418,193.739394161,195.000000000,2.015283264,0.145056245,0.044856455,-0.128968127,0.000000000,local_raw_sparc_rotmod_derived_no_raw_redistribution,paper3_seed_candidate_search_not_tau_core_validation
NGC5055,5.750000000,0.105330647,195.834512791,201.000000000,1.801270049,0.158969126,0.165924025,-0.121495997,0.000000000,local_raw_sparc_rotmod_derived_no_raw_redistribution,paper3_seed_candidate_search_not_tau_core_validation
NGC5055,6.460000000,0.118336692,198.712936922,204.000000000,1.650775349,0.170498554,0.156051393,-0.131171034,0.000000000,local_raw_sparc_rotmod_derived_no_raw_redistribution,paper3_seed_candidate_search_not_tau_core_validation
NGC5055,7.180000000,0.131525920,196.188410208,204.000000000,1.447739622,0.189058153,0.210605966,-0.134117006,0.000000000,local_raw_sparc_rotmod_derived_no_raw_redistribution,paper3_seed_candidate_search_not_tau_core_validation
NGC5055,7.910000000,0.144898333,193.656299794,206.000000000,1.280427474,0.207780814,0.306766755,-0.126993406,0.000000000,local_raw_sparc_rotmod_derived_no_raw_redistribution,paper3_seed_candidate_search_not_tau_core_validation
NGC5055,8.620000000,0.157904378,190.997942790,206.000000000,1.142926552,0.226288915,0.347103384,-0.128378955,0.000000000,local_raw_sparc_rotmod_derived_no_raw_redistribution,paper3_seed_candidate_search_not_tau_core_validation
NGC5055,11.490000000,0.210478110,176.772150239,206.000000000,0.734473058,0.309350023,0.534481736,-0.116516296,0.000000000,local_raw_sparc_rotmod_derived_no_raw_redistribution,paper3_seed_candidate_search_not_tau_core_validation
NGC5055,14.300000000,0.261952739,165.561116661,206.000000000,0.517665074,0.387215942,0.630794036,-0.108763062,0.000000000,local_raw_sparc_rotmod_derived_no_raw_redistribution,paper3_seed_candidate_search_not_tau_core_validation
NGC5055,17.190000000,0.314892838,154.834759663,203.000000000,0.376642445,0.466598335,0.666687147,-0.112098164,0.000000000,local_raw_sparc_rotmod_derived_no_raw_redistribution,paper3_seed_candidate_search_not_tau_core_validation
NGC5055,20.070000000,0.367649753,141.822345383,200.000000000,0.270651328,0.556723269,0.736838267,-0.098840962,0.000000000,local_raw_sparc_rotmod_derived_no_raw_redistribution,paper3_seed_candidate_search_not_tau_core_validation
NGC5055,22.960000000,0.420589852,130.765332944,194.000000000,0.201132186,0.643340717,0.751660232,-0.102277399,0.000000000,local_raw_sparc_rotmod_derived_no_raw_redistribution,paper3_seed_candidate_search_not_tau_core_validation
NGC5055,25.850000000,0.473529951,122.005141490,188.000000000,0.155512007,0.722007315,0.749187239,-0.111111878,0.000000000,local_raw_sparc_rotmod_derived_no_raw_redistribution,paper3_seed_candidate_search_not_tau_core_validation
NGC5055,28.740000000,0.526470049,115.740069984,184.000000000,0.125877737,0.788762566,0.747714507,-0.117935220,0.000000000,local_raw_sparc_rotmod_derived_no_raw_redistribution,paper3_seed_candidate_search_not_tau_core_validation
NGC5055,31.620000000,0.579226965,110.927311335,182.000000000,0.105095305,0.847014930,0.756437747,-0.118439232,0.000000000,local_raw_sparc_rotmod_derived_no_raw_redistribution,paper3_seed_candidate_search_not_tau_core_validation
NGC5055,34.510000000,0.632167064,107.305404803,180.000000000,0.090108642,0.897485964,0.754836444,-0.123252002,0.000000000,local_raw_sparc_rotmod_derived_no_raw_redistribution,paper3_seed_candidate_search_not_tau_core_validation
NGC5055,37.400000000,0.685107162,102.643571158,181.000000000,0.076078180,0.953754085,0.800398876,-0.102518175,0.000000000,local_raw_sparc_rotmod_derived_no_raw_redistribution,paper3_seed_candidate_search_not_tau_core_validation
NGC5055,40.290000000,0.738047261,99.797929838,180.000000000,0.066759643,0.997661595,0.805528279,-0.102167883,0.000000000,local_raw_sparc_rotmod_derived_no_raw_redistribution,paper3_seed_candidate_search_not_tau_core_validation
NGC5055,43.170000000,0.790804177,97.317632524,179.000000000,0.059247391,1.038093185,0.808538011,-0.102609043,0.000000000,local_raw_sparc_rotmod_derived_no_raw_redistribution,paper3_seed_candidate_search_not_tau_core_validation
NGC5055,45.920000000,0.841179703,95.640924556,179.000000000,0.053796480,1.070980768,0.813818300,-0.101237300,0.000000000,local_raw_sparc_rotmod_derived_no_raw_redistribution,paper3_seed_candidate_search_not_tau_core_validation
NGC5055,48.810000000,0.894119802,93.241021284,179.000000000,0.048103142,1.109300321,0.829131548,-0.094158253,0.000000000,local_raw_sparc_rotmod_derived_no_raw_redistribution,paper3_seed_candidate_search_not_tau_core_validation
NGC5055,51.700000000,0.947059901,90.738305307,174.000000000,0.043008965,1.147844327,0.799413706,-0.113388999,0.000000000,local_raw_sparc_rotmod_derived_no_raw_redistribution,paper3_seed_candidate_search_not_tau_core_validation
NGC5055,54.590000000,1.000000000,87.850206602,172.000000000,0.038180419,1.189044746,0.805586294,-0.111603949,0.000000000,local_raw_sparc_rotmod_derived_no_raw_redistribution,paper3_seed_candidate_search_not_tau_core_validation
NGC5585,0.090000000,0.008211679,9.000088888,11.200000000,0.243063248,0.587524422,0.416037435,-0.243496511,0.000000000,local_raw_sparc_rotmod_derived_no_raw_redistribution,paper3_seed_candidate_search_not_tau_core_validation
NGC5585,0.260000000,0.023722628,19.073631012,26.500000000,0.377886706,0.465736248,0.835993897,-0.053519748,0.000000000,local_raw_sparc_rotmod_derived_no_raw_redistribution,paper3_seed_candidate_search_not_tau_core_validation
NGC5585,0.430000000,0.039233577,25.040323480,33.700000000,0.393803547,0.455018213,0.760033882,-0.078008046,0.000000000,local_raw_sparc_rotmod_derived_no_raw_redistribution,paper3_seed_candidate_search_not_tau_core_validation
NGC5585,0.600000000,0.054744526,28.394769765,32.700000000,0.362905593,0.476363318,0.318287599,-0.248411733,0.000000000,local_raw_sparc_rotmod_derived_no_raw_redistribution,paper3_seed_candidate_search_not_tau_core_validation
NGC5585,0.770000000,0.070255474,30.725655404,33.700000000,0.331115716,0.500869744,0.193270393,-0.313644918,0.000000000,local_raw_sparc_rotmod_derived_no_raw_redistribution,paper3_seed_candidate_search_not_tau_core_validation
NGC5585,0.940000000,0.085766423,32.614624787,35.700000000,0.305608288,0.522763256,0.180963316,-0.330136728,0.000000000,local_raw_sparc_rotmod_derived_no_raw_redistribution,paper3_seed_candidate_search_not_tau_core_validation
NGC5585,1.110000000,0.101277372,34.235087995,37.800000000,0.285159685,0.542012017,0.192118174,-0.334030048,0.000000000,local_raw_sparc_rotmod_derived_no_raw_redistribution,paper3_seed_candidate_search_not_tau_core_validation
NGC5585,1.280000000,0.116788321,34.945405993,41.800000000,0.257654908,0.570737865,0.343680555,-0.272436162,0.000000000,local_raw_sparc_rotmod_derived_no_raw_redistribution,paper3_seed_candidate_search_not_tau_core_validation
NGC5585,1.460000000,0.133211679,35.858992596,43.900000000,0.237854582,0.593811179,0.377627843,-0.263808171,0.000000000,local_raw_sparc_rotmod_derived_no_raw_redistribution,paper3_seed_candidate_search_not_tau_core_validation
NGC5585,1.630000000,0.148722628,36.668441472,44.900000000,0.222774515,0.612978347,0.366222046,-0.275561060,-0.000000000,local_raw_sparc_rotmod_derived_no_raw_redistribution,paper3_seed_candidate_search_not_tau_core_validation
NGC5585,2.050000000,0.187043796,38.564540059,53.200000000,0.195925363,0.651219027,0.582761883,-0.179788626,0.000000000,local_raw_sparc_rotmod_derived_no_raw_redistribution,paper3_seed_candidate_search_not_tau_core_validation
NGC5585,2.740000000,0.250000000,41.129655360,64.300000000,0.166735389,0.700400449,0.804323962,-0.084033553,0.000000000,local_raw_sparc_rotmod_derived_no_raw_redistribution,paper3_seed_candidate_search_not_tau_core_validation
NGC5585,3.420000000,0.312043796,41.842323669,73.100000000,0.138252722,0.758939880,0.984313680,-0.006791275,0.000000000,local_raw_sparc_rotmod_derived_no_raw_redistribution,paper3_seed_candidate_search_not_tau_core_validation
NGC5585,4.110000000,0.375000000,43.854825276,76.200000000,0.126374997,0.787502209,0.936570201,-0.028342522,0.000000000,local_raw_sparc_rotmod_derived_no_raw_redistribution,paper3_seed_candidate_search_not_tau_core_validation
NGC5585,4.790000000,0.437043796,44.824798940,78.400000000,0.113284214,0.822661145,0.910498608,-0.041235208,0.000000000,local_raw_sparc_rotmod_derived_no_raw_redistribution,paper3_seed_candidate_search_not_tau_core_validation
NGC5585,5.480000000,0.500000000,44.523800377,83.100000000,0.097694948,0.870882449,0.994873070,-0.002389402,0.000000000,local_raw_sparc_rotmod_derived_no_raw_redistribution,paper3_seed_candidate_search_not_tau_core_validation
NGC5585,6.160000000,0.562043796,44.332033565,88.000000000,0.086163395,0.912298143,1.079713480,0.037323558,0.000000000,local_raw_sparc_rotmod_derived_no_raw_redistribution,paper3_seed_candidate_search_not_tau_core_validation
NGC5585,6.850000000,0.625000000,43.281010848,89.900000000,0.073853729,0.963692126,1.117704878,0.056157512,0.000000000,local_raw_sparc_rotmod_derived_no_raw_redistribution,paper3_seed_candidate_search_not_tau_core_validation
NGC5585,7.530000000,0.687043796,42.550653932,90.600000000,0.064936027,1.007016275,1.121359207,0.059109811,0.000000000,local_raw_sparc_rotmod_derived_no_raw_redistribution,paper3_seed_candidate_search_not_tau_core_validation
NGC5585,8.210000000,0.749087591,42.664445971,91.600000000,0.059876619,1.034503805,1.108731296,0.053813386,0.000000000,local_raw_sparc_rotmod_derived_no_raw_redistribution,paper3_seed_candidate_search_not_tau_core_validation
NGC5585,8.900000000,0.812043796,42.490098258,92.300000000,0.054783992,1.064769570,1.100961973,0.050754443,0.000000000,local_raw_sparc_rotmod_derived_no_raw_redistribution,paper3_seed_candidate_search_not_tau_core_validation
NGC5585,9.570000000,0.873175182,41.941738161,90.900000000,0.049641983,1.098492304,1.062631161,0.032259396,0.000000000,local_raw_sparc_rotmod_derived_no_raw_redistribution,paper3_seed_candidate_search_not_tau_core_validation
NGC5585,10.310000000,0.940693431,41.543217858,89.600000000,0.045207429,1.130655315,1.023114702,0.012191448,-0.000000000,local_raw_sparc_rotmod_derived_no_raw_redistribution,paper3_seed_candidate_search_not_tau_core_validation
NGC5585,10.960000000,1.000000000,40.783055305,89.400000000,0.040984267,1.164504131,1.023686252,0.012662702,0.000000000,local_raw_sparc_rotmod_derived_no_raw_redistribution,paper3_seed_candidate_search_not_tau_core_validation
NGC6503,0.760000000,0.032340426,50.169520628,77.000000000,0.894405619,0.270180369,1.979405123,0.189238825,0.000000000,local_raw_sparc_rotmod_derived_no_raw_redistribution,paper3_seed_candidate_search_not_tau_core_validation
NGC6503,1.520000000,0.064680851,87.427048732,100.000000000,1.358051555,0.198642482,0.723967849,-0.046824183,0.000000000,local_raw_sparc_rotmod_derived_no_raw_redistribution,paper3_seed_candidate_search_not_tau_core_validation
NGC6503,2.280000000,0.097021277,101.328984994,110.000000000,1.216188091,0.216024189,0.396126468,-0.113478811,0.000000000,local_raw_sparc_rotmod_derived_no_raw_redistribution,paper3_seed_candidate_search_not_tau_core_validation
NGC6503,3.040000000,0.129361702,95.857313753,118.000000000,0.816291236,0.287921059,0.802290446,-0.045205483,-0.000000000,local_raw_sparc_rotmod_derived_no_raw_redistribution,paper3_seed_candidate_search_not_tau_core_validation
NGC6503,3.790000000,0.161276596,87.272922204,121.000000000,0.542735256,0.376088622,1.027564287,0.007505157,0.000000000,local_raw_sparc_rotmod_derived_no_raw_redistribution,paper3_seed_candidate_search_not_tau_core_validation
NGC6503,4.550000000,0.193617021,80.236642814,121.000000000,0.382122236,0.462828565,1.097683258,0.030438307,0.000000000,local_raw_sparc_rotmod_derived_no_raw_redistribution,paper3_seed_candidate_search_not_tau_core_validation
NGC6503,5.310000000,0.225957447,75.074755744,117.000000000,0.286656335,0.540546511,1.033114853,0.011552344,0.000000000,local_raw_sparc_rotmod_derived_no_raw_redistribution,paper3_seed_candidate_search_not_tau_core_validation
NGC6503,6.070000000,0.258297872,70.987683791,116.000000000,0.224205122,0.611094843,1.037623349,0.014169822,0.000000000,local_raw_sparc_rotmod_derived_no_raw_redistribution,paper3_seed_candidate_search_not_tau_core_validation
NGC6503,6.830000000,0.290638298,68.129506823,116.000000000,0.183534619,0.670988653,1.047170697,0.018764326,0.000000000,local_raw_sparc_rotmod_derived_no_raw_redistribution,paper3_seed_candidate_search_not_tau_core_validation
NGC6503,7.590000000,0.322978723,65.633739799,116.000000000,0.153278321,0.726519067,1.056247119,0.023393020,0.000000000,local_raw_sparc_rotmod_derived_no_raw_redistribution,paper3_seed_candidate_search_not_tau_core_validation
NGC6503,8.350000000,0.355319149,63.124205738,115.000000000,0.128876457,0.781244599,1.051917801,0.022515490,0.000000000,local_raw_sparc_rotmod_derived_no_raw_redistribution,paper3_seed_candidate_search_not_tau_core_validation
NGC6503,9.110000000,0.387659574,61.144538595,115.000000000,0.110832001,0.829745644,1.061517353,0.027514617,0.000000000,local_raw_sparc_rotmod_derived_no_raw_redistribution,paper3_seed_candidate_search_not_tau_core_validation
NGC6503,9.860000000,0.419574468,59.723643978,116.000000000,0.097697599,0.870873549,1.081993298,0.037456742,0.000000000,local_raw_sparc_rotmod_derived_no_raw_redistribution,paper3_seed_candidate_search_not_tau_core_validation
NGC6503,10.640000000,0.452765957,58.305641237,117.000000000,0.086287469,0.911821241,1.104017815,0.048418767,0.000000000,local_raw_sparc_rotmod_derived_no_raw_redistribution,paper3_seed_candidate_search_not_tau_core_validation
NGC6503,11.380000000,0.484255319,57.026567493,117.000000000,0.077175670,0.948964867,1.108234179,0.051358285,-0.000000000,local_raw_sparc_rotmod_derived_no_raw_redistribution,paper3_seed_candidate_search_not_tau_core_validation
NGC6503,12.120000000,0.515744681,55.971208670,118.000000000,0.069806355,0.982622839,1.127825161,0.061426562,0.000000000,local_raw_sparc_rotmod_derived_no_raw_redistribution,paper3_seed_candidate_search_not_tau_core_validation
NGC6503,12.860000000,0.547234043,55.122388374,117.000000000,0.063809199,1.012937027,1.108212563,0.053023116,0.000000000,local_raw_sparc_rotmod_derived_no_raw_redistribution,paper3_seed_candidate_search_not_tau_core_validation
NGC6503,13.700000000,0.582978723,54.111924749,116.000000000,0.057720968,1.046970482,1.092394631,0.046174723,0.000000000,local_raw_sparc_rotmod_derived_no_raw_redistribution,paper3_seed_candidate_search_not_tau_core_validation
NGC6503,14.440000000,0.614468085,52.989629646,115.000000000,0.052514929,1.079222492,1.084332446,0.042841879,0.000000000,local_raw_sparc_rotmod_derived_no_raw_redistribution,paper3_seed_candidate_search_not_tau_core_validation
NGC6503,15.180000000,0.645957447,51.835846188,117.000000000,0.047803184,1.111449169,1.131068642,0.066717492,0.000000000,local_raw_sparc_rotmod_derived_no_raw_redistribution,paper3_seed_candidate_search_not_tau_core_validation
NGC6503,15.910000000,0.677021277,50.834084038,116.000000000,0.043863980,1.141052757,1.123465594,0.063725465,0.000000000,local_raw_sparc_rotmod_derived_no_raw_redistribution,paper3_seed_candidate_search_not_tau_core_validation
NGC6503,16.650000000,0.708510638,50.107785323,115.000000000,0.040725309,1.166696432,1.110016715,0.057552111,0.000000000,local_raw_sparc_rotmod_derived_no_raw_redistribution,paper3_seed_candidate_search_not_tau_core_validation
NGC6503,17.490000000,0.744255319,49.167523326,115.000000000,0.037328029,1.196877232,1.118696439,0.062661906,0.000000000,local_raw_sparc_rotmod_derived_no_raw_redistribution,paper3_seed_candidate_search_not_tau_core_validation
NGC6503,18.230000000,0.775744681,48.226076452,115.000000000,0.034454456,1.224716806,1.130548734,0.069402619,0.000000000,local_raw_sparc_rotmod_derived_no_raw_redistribution,paper3_seed_candidate_search_not_tau_core_validation
NGC6503,18.970000000,0.807234043,47.198424232,114.000000000,0.031714355,1.253594778,1.129021034,0.069311321,0.000000000,local_raw_sparc_rotmod_derived_no_raw_redistribution,paper3_seed_candidate_search_not_tau_core_validation
NGC6503,19.710000000,0.838723404,46.396075265,115.000000000,0.029494706,1.278940533,1.156158472,0.084006601,0.000000000,local_raw_sparc_rotmod_derived_no_raw_redistribution,paper3_seed_candidate_search_not_tau_core_validation
NGC6503,20.450000000,0.870212766,45.687338509,114.000000000,0.027565547,1.302617175,1.147859008,0.080330867,0.000000000,local_raw_sparc_rotmod_derived_no_raw_redistribution,paper3_seed_candidate_search_not_tau_core_validation
NGC6503,21.290000000,0.905957447,44.945871334,116.000000000,0.025625489,1.328209355,1.190235718,0.103031829,0.000000000,local_raw_sparc_rotmod_derived_no_raw_redistribution,paper3_seed_candidate_search_not_tau_core_validation
NGC6503,22.030000000,0.937446809,44.243521560,115.000000000,0.023996786,1.351277548,1.183510081,0.100264355,0.000000000,local_raw_sparc_rotmod_derived_no_raw_redistribution,paper3_seed_candidate_search_not_tau_core_validation
NGC6503,22.760000000,0.968510638,43.587073198,118.000000000,0.022542982,1.373264683,1.243186907,0.131657494,0.000000000,local_raw_sparc_rotmod_derived_no_raw_redistribution,paper3_seed_candidate_search_not_tau_core_validation
NGC6503,23.500000000,1.000000000,42.877076043,115.000000000,0.021127624,1.396109307,1.204838236,0.112748503,0.000000000,local_raw_sparc_rotmod_derived_no_raw_redistribution,paper3_seed_candidate_search_not_tau_core_validation
NGC7331,2.670000000,0.073533462,251.978877131,221.000000000,6.422220610,0.052097162,-2.359866693,-0.181968031,0.000000000,local_raw_sparc_rotmod_derived_no_raw_redistribution,paper3_seed_candidate_search_not_tau_core_validation
NGC7331,3.210000000,0.088405398,264.434751650,237.000000000,5.883018773,0.056515429,-1.835758181,-0.164510556,0.000000000,local_raw_sparc_rotmod_derived_no_raw_redistribution,paper3_seed_candidate_search_not_tau_core_validation
NGC7331,3.740000000,0.103001928,275.665231359,249.000000000,5.487323871,0.060267390,-1.605021950,-0.160255435,0.000000000,local_raw_sparc_rotmod_derived_no_raw_redistribution,paper3_seed_candidate_search_not_tau_core_validation
NGC7331,4.270000000,0.117598458,275.819632786,250.000000000,4.811612955,0.067977284,-1.377086052,-0.164052700,0.000000000,local_raw_sparc_rotmod_derived_no_raw_redistribution,paper3_seed_candidate_search_not_tau_core_validation
NGC7331,4.810000000,0.132470394,273.444263370,253.000000000,4.198177200,0.076916734,-0.972034803,-0.151810404,0.000000000,local_raw_sparc_rotmod_derived_no_raw_redistribution,paper3_seed_candidate_search_not_tau_core_validation
NGC7331,5.350000000,0.147342330,274.512984265,257.000000000,3.803997378,0.084022525,-0.759279260,-0.146601159,0.000000000,local_raw_sparc_rotmod_derived_no_raw_redistribution,paper3_seed_candidate_search_not_tau_core_validation
NGC7331,5.880000000,0.161938860,269.341295627,257.000000000,3.331936933,0.094485951,-0.484942865,-0.137188049,0.000000000,local_raw_sparc_rotmod_derived_no_raw_redistribution,paper3_seed_candidate_search_not_tau_core_validation
NGC7331,6.410000000,0.176535390,265.180273079,257.000000000,2.962733623,0.104695824,-0.294643748,-0.130903810,0.000000000,local_raw_sparc_rotmod_derived_no_raw_redistribution,paper3_seed_candidate_search_not_tau_core_validation
NGC7331,7.480000000,0.206003856,254.022759846,257.000000000,2.329763683,0.128568419,0.091160550,-0.109297727,0.000000000,local_raw_sparc_rotmod_derived_no_raw_redistribution,paper3_seed_candidate_search_not_tau_core_validation
NGC7331,8.550000000,0.235472322,238.604710410,255.000000000,1.798291618,0.159181913,0.431664525,-0.081259215,-0.000000000,local_raw_sparc_rotmod_derived_no_raw_redistribution,paper3_seed_candidate_search_not_tau_core_validation
NGC7331,9.620000000,0.264940788,229.332992720,248.000000000,1.476475394,0.186184289,0.437184874,-0.092487993,0.000000000,local_raw_sparc_rotmod_derived_no_raw_redistribution,paper3_seed_candidate_search_not_tau_core_validation
NGC7331,10.660000000,0.293583035,221.491360148,247.000000000,1.242866792,0.212520321,0.541913598,-0.083696349,-0.000000000,local_raw_sparc_rotmod_derived_no_raw_redistribution,paper3_seed_candidate_search_not_tau_core_validation
NGC7331,11.740000000,0.323326907,213.958278690,246.000000000,1.053072574,0.240345121,0.623090936,-0.075839165,0.000000000,local_raw_sparc_rotmod_derived_no_raw_redistribution,paper3_seed_candidate_search_not_tau_core_validation
NGC7331,12.830000000,0.353346186,208.715752233,244.000000000,0.916963412,0.265474831,0.636798869,-0.079252476,0.000000000,local_raw_sparc_rotmod_derived_no_raw_redistribution,paper3_seed_candidate_search_not_tau_core_validation
NGC7331,13.910000000,0.383090058,203.518465182,242.000000000,0.804171572,0.290895897,0.649996429,-0.082155484,0.000000000,local_raw_sparc_rotmod_derived_no_raw_redistribution,paper3_seed_candidate_search_not_tau_core_validation
NGC7331,15.000000000,0.413109336,197.968626858,238.000000000,0.705618065,0.317739139,0.636404736,-0.091755389,0.000000000,local_raw_sparc_rotmod_derived_no_raw_redistribution,paper3_seed_candidate_search_not_tau_core_validation
NGC7331,16.080000000,0.442853208,193.139344076,236.000000000,0.626503741,0.343451988,0.646133154,-0.094822525,0.000000000,local_raw_sparc_rotmod_derived_no_raw_redistribution,paper3_seed_candidate_search_not_tau_core_validation
NGC7331,17.070000000,0.470118425,189.688606616,233.000000000,0.569268536,0.365044544,0.625482333,-0.105532423,0.000000000,local_raw_sparc_rotmod_derived_no_raw_redistribution,paper3_seed_candidate_search_not_tau_core_validation
NGC7331,18.150000000,0.499862297,187.264601620,234.000000000,0.521798662,0.385331917,0.647672228,-0.103141245,0.000000000,local_raw_sparc_rotmod_derived_no_raw_redistribution,paper3_seed_candidate_search_not_tau_core_validation
NGC7331,19.240000000,0.529881575,185.557851841,236.000000000,0.483305584,0.403696528,0.673378464,-0.098644033,0.000000000,local_raw_sparc_rotmod_derived_no_raw_redistribution,paper3_seed_candidate_search_not_tau_core_validation
NGC7331,20.320000000,0.559625448,183.208206066,237.000000000,0.446102184,0.423388450,0.693477060,-0.095603365,0.000000000,local_raw_sparc_rotmod_derived_no_raw_redistribution,paper3_seed_candidate_search_not_tau_core_validation
NGC7331,21.410000000,0.589644726,179.293564943,238.000000000,0.405490745,0.447495752,0.731698373,-0.086588812,0.000000000,local_raw_sparc_rotmod_derived_no_raw_redistribution,paper3_seed_candidate_search_not_tau_core_validation
NGC7331,22.490000000,0.619388598,175.521892367,240.000000000,0.369948558,0.471299222,0.779442831,-0.073270690,0.000000000,local_raw_sparc_rotmod_derived_no_raw_redistribution,paper3_seed_candidate_search_not_tau_core_validation
NGC7331,23.480000000,0.646653814,172.517147409,238.000000000,0.342321876,0.491905687,0.771637772,-0.078280250,0.000000000,local_raw_sparc_rotmod_derived_no_raw_redistribution,paper3_seed_candidate_search_not_tau_core_validation
NGC7331,24.570000000,0.676673093,168.412056041,237.000000000,0.311752115,0.517287833,0.787303792,-0.075277970,0.000000000,local_raw_sparc_rotmod_derived_no_raw_redistribution,paper3_seed_candidate_search_not_tau_core_validation
NGC7331,25.650000000,0.706416965,164.728520148,236.000000000,0.285705390,0.541476581,0.799037757,-0.073207757,0.000000000,local_raw_sparc_rotmod_derived_no_raw_redistribution,paper3_seed_candidate_search_not_tau_core_validation
NGC7331,26.740000000,0.736436243,161.430432292,238.000000000,0.263194994,0.564661555,0.840006343,-0.059473158,0.000000000,local_raw_sparc_rotmod_derived_no_raw_redistribution,paper3_seed_candidate_search_not_tau_core_validation
NGC7331,27.820000000,0.766180116,158.041903462,239.000000000,0.242468646,0.588233922,0.870839202,-0.049019316,-0.000000000,local_raw_sparc_rotmod_derived_no_raw_redistribution,paper3_seed_candidate_search_not_tau_core_validation
NGC7331,28.910000000,0.796199394,154.499860906,239.000000000,0.222985335,0.612699889,0.892650658,-0.041639368,0.000000000,local_raw_sparc_rotmod_derived_no_raw_redistribution,paper3_seed_candidate_search_not_tau_core_validation
NGC7331,29.890000000,0.823189204,151.328984996,241.000000000,0.206912407,0.634869036,0.933352769,-0.026221943,0.000000000,local_raw_sparc_rotmod_derived_no_raw_redistribution,paper3_seed_candidate_search_not_tau_core_validation
NGC7331,30.980000000,0.853208483,148.005842891,236.000000000,0.190960928,0.658960892,0.902225992,-0.039611384,0.000000000,local_raw_sparc_rotmod_derived_no_raw_redistribution,paper3_seed_candidate_search_not_tau_core_validation
NGC7331,32.060000000,0.882952355,145.204147909,236.000000000,0.177608087,0.680998051,0.918208095,-0.033696559,-0.000000000,local_raw_sparc_rotmod_derived_no_raw_redistribution,paper3_seed_candidate_search_not_tau_core_validation
NGC7331,33.150000000,0.912971633,142.888699588,239.000000000,0.166333775,0.701144684,0.959331985,-0.016903818,0.000000000,local_raw_sparc_rotmod_derived_no_raw_redistribution,paper3_seed_candidate_search_not_tau_core_validation
NGC7331,34.230000000,0.942715505,140.668705404,237.000000000,0.156119191,0.720793581,0.950077418,-0.021132946,0.000000000,local_raw_sparc_rotmod_derived_no_raw_redistribution,paper3_seed_candidate_search_not_tau_core_validation
NGC7331,35.320000000,0.972734784,138.315115515,241.000000000,0.146280623,0.741150319,1.001683627,0.000716408,0.000000000,local_raw_sparc_rotmod_derived_no_raw_redistribution,paper3_seed_candidate_search_not_tau_core_validation
NGC7331,36.310000000,1.000000000,135.517052691,238.000000000,0.136593444,0.762761487,0.991445629,-0.003708415,0.000000000,local_raw_sparc_rotmod_derived_no_raw_redistribution,paper3_seed_candidate_search_not_tau_core_validation
UGC00128,1.250000000,0.023255814,20.859149072,34.100000000,0.094005090,0.883530613,0.718451915,-0.141643273,0.000000000,local_raw_sparc_rotmod_derived_no_raw_redistribution,paper3_seed_candidate_search_not_tau_core_validation
UGC00128,3.750000000,0.069767442,35.015627226,78.400000000,0.088300012,0.904187482,1.370291370,0.161974074,0.000000000,local_raw_sparc_rotmod_derived_no_raw_redistribution,paper3_seed_candidate_search_not_tau_core_validation
UGC00128,6.250000000,0.116279070,36.447333236,96.900000000,0.057401033,1.048862529,1.581361408,0.260526450,0.000000000,local_raw_sparc_rotmod_derived_no_raw_redistribution,paper3_seed_candidate_search_not_tau_core_validation
UGC00128,8.760000000,0.162976744,38.189597406,108.000000000,0.044962895,1.132523665,1.614090111,0.282261970,0.000000000,local_raw_sparc_rotmod_derived_no_raw_redistribution,paper3_seed_candidate_search_not_tau_core_validation
UGC00128,11.250000000,0.209302326,40.210015543,113.000000000,0.038813622,1.183342800,1.529772371,0.252414614,0.000000000,local_raw_sparc_rotmod_derived_no_raw_redistribution,paper3_seed_candidate_search_not_tau_core_validation
UGC00128,13.740000000,0.255627907,43.775984855,114.000000000,0.037666332,1.193746652,1.343809062,0.171502190,0.000000000,local_raw_sparc_rotmod_derived_no_raw_redistribution,paper3_seed_candidate_search_not_tau_core_validation
UGC00128,16.220000000,0.301767442,46.940960259,121.000000000,0.036687769,1.202883355,1.311603575,0.157132780,-0.000000000,local_raw_sparc_rotmod_derived_no_raw_redistribution,paper3_seed_candidate_search_not_tau_core_validation
UGC00128,18.710000000,0.348093023,49.447804299,126.000000000,0.035292989,1.216351946,1.272774266,0.139501676,-0.000000000,local_raw_sparc_rotmod_derived_no_raw_redistribution,paper3_seed_candidate_search_not_tau_core_validation
UGC00128,21.300000000,0.396279070,51.430053471,128.000000000,0.033536872,1.234114760,1.206384702,0.107962495,0.000000000,local_raw_sparc_rotmod_derived_no_raw_redistribution,paper3_seed_candidate_search_not_tau_core_validation
UGC00128,23.790000000,0.442604651,53.265141509,129.000000000,0.032207717,1.248209687,1.139108741,0.074396088,0.000000000,local_raw_sparc_rotmod_derived_no_raw_redistribution,paper3_seed_candidate_search_not_tau_core_validation
UGC00128,26.280000000,0.488930233,53.889064290,129.000000000,0.029843114,1.274834749,1.093323383,0.050977424,0.000000000,local_raw_sparc_rotmod_derived_no_raw_redistribution,paper3_seed_candidate_search_not_tau_core_validation
UGC00128,28.770000000,0.535255814,55.394017728,131.000000000,0.028804085,1.287228643,1.060321578,0.033384833,0.000000000,local_raw_sparc_rotmod_derived_no_raw_redistribution,paper3_seed_candidate_search_not_tau_core_validation
UGC00128,31.250000000,0.581395349,54.758498884,131.000000000,0.025913212,1.324290767,1.051372355,0.028849790,0.000000000,local_raw_sparc_rotmod_derived_no_raw_redistribution,paper3_seed_candidate_search_not_tau_core_validation
UGC00128,33.740000000,0.627720930,52.299187374,131.000000000,0.021893390,1.383561968,1.087641225,0.049620496,0.000000000,local_raw_sparc_rotmod_derived_no_raw_redistribution,paper3_seed_candidate_search_not_tau_core_validation
UGC00128,36.230000000,0.674046512,51.054700567,127.000000000,0.019429935,1.425666225,1.043391524,0.025183250,0.000000000,local_raw_sparc_rotmod_derived_no_raw_redistribution,paper3_seed_candidate_search_not_tau_core_validation
UGC00128,38.820000000,0.722232558,50.513804549,126.000000000,0.017751409,1.457598983,1.025225503,0.014850400,0.000000000,local_raw_sparc_rotmod_derived_no_raw_redistribution,paper3_seed_candidate_search_not_tau_core_validation
UGC00128,41.310000000,0.768558140,49.390206013,130.000000000,0.015947576,1.495537260,1.091314024,0.053278264,0.000000000,local_raw_sparc_rotmod_derived_no_raw_redistribution,paper3_seed_candidate_search_not_tau_core_validation
UGC00128,43.800000000,0.814883721,47.658580550,132.000000000,0.014004780,1.541615100,1.147952312,0.085939489,0.000000000,local_raw_sparc_rotmod_derived_no_raw_redistribution,paper3_seed_candidate_search_not_tau_core_validation
UGC00128,46.280000000,0.861023256,46.037118720,134.000000000,0.012367762,1.585783410,1.204890115,0.118363278,0.000000000,local_raw_sparc_rotmod_derived_no_raw_redistribution,paper3_seed_candidate_search_not_tau_core_validation
UGC00128,48.770000000,0.907348837,44.205571481,129.000000000,0.010821052,1.633328904,1.174401671,0.102712783,0.000000000,local_raw_sparc_rotmod_derived_no_raw_redistribution,paper3_seed_candidate_search_not_tau_core_validation
UGC00128,51.260000000,0.953674419,42.681836886,132.000000000,0.009597891,1.676075048,1.248542184,0.144677272,0.000000000,local_raw_sparc_rotmod_derived_no_raw_redistribution,paper3_seed_candidate_search_not_tau_core_validation
UGC00128,53.750000000,1.000000000,41.481121007,125.000000000,0.008645512,1.713356392,1.175131487,0.104888940,0.000000000,local_raw_sparc_rotmod_derived_no_raw_redistribution,paper3_seed_candidate_search_not_tau_core_validation
UGC00191,0.620000000,0.062124248,15.520827942,29.900000000,0.104931598,0.847522806,1.093119401,0.041829902,0.000000000,local_raw_sparc_rotmod_derived_no_raw_redistribution,paper3_seed_candidate_search_not_tau_core_validation
UGC00191,0.870000000,0.087174349,20.262372763,34.400000000,0.127446983,0.784803813,0.889047819,-0.050017544,0.000000000,local_raw_sparc_rotmod_derived_no_raw_redistribution,paper3_seed_candidate_search_not_tau_core_validation
UGC00191,1.120000000,0.112224449,22.938634441,46.300000000,0.126877703,0.786233642,1.295325878,0.122210086,0.000000000,local_raw_sparc_rotmod_derived_no_raw_redistribution,paper3_seed_candidate_search_not_tau_core_validation
UGC00191,1.370000000,0.137274549,24.820854135,49.800000000,0.121445405,0.800247188,1.257583137,0.108406810,0.000000000,local_raw_sparc_rotmod_derived_no_raw_redistribution,paper3_seed_candidate_search_not_tau_core_validation
UGC00191,1.620000000,0.162324649,26.016995407,57.600000000,0.112841143,0.823928616,1.473352676,0.193779819,0.000000000,local_raw_sparc_rotmod_derived_no_raw_redistribution,paper3_seed_candidate_search_not_tau_core_validation
UGC00191,2.300000000,0.230460922,29.820754518,71.300000000,0.104418543,0.849120119,1.638110104,0.256981801,0.000000000,local_raw_sparc_rotmod_derived_no_raw_redistribution,paper3_seed_candidate_search_not_tau_core_validation
UGC00191,4.970000000,0.497995992,37.918678774,76.650000000,0.078130070,0.944859025,1.081040837,0.038616277,0.000000000,local_raw_sparc_rotmod_derived_no_raw_redistribution,paper3_seed_candidate_search_not_tau_core_validation
UGC00191,7.450000000,0.746492986,42.188823757,81.000000000,0.064521844,1.009179782,0.911571727,-0.045432762,0.000000000,local_raw_sparc_rotmod_derived_no_raw_redistribution,paper3_seed_candidate_search_not_tau_core_validation
UGC00191,9.980000000,1.000000000,40.584728655,83.850000000,0.044572086,1.135531729,0.938809577,-0.033078035,0.000000000,local_raw_sparc_rotmod_derived_no_raw_redistribution,paper3_seed_candidate_search_not_tau_core_validation
UGC00731,0.910000000,0.083409716,5.587145962,29.600000000,0.009264177,1.688695835,2.545085235,0.678249510,0.000000000,local_raw_sparc_rotmod_derived_no_raw_redistribution,paper3_seed_candidate_search_not_tau_core_validation
UGC00731,1.810000000,0.165902841,9.815528514,44.600000000,0.014375303,1.532345962,2.312676523,0.584622054,0.000000000,local_raw_sparc_rotmod_derived_no_raw_redistribution,paper3_seed_candidate_search_not_tau_core_validation
UGC00731,2.730000000,0.250229148,11.676005310,50.400000000,0.013486341,1.555010679,2.132811590,0.524398864,0.000000000,local_raw_sparc_rotmod_derived_no_raw_redistribution,paper3_seed_candidate_search_not_tau_core_validation
UGC00731,3.640000000,0.333638863,17.008756568,56.800000000,0.021464064,1.390540369,1.682408073,0.334288586,0.000000000,local_raw_sparc_rotmod_derived_no_raw_redistribution,paper3_seed_candidate_search_not_tau_core_validation
UGC00731,4.550000000,0.417048579,19.089269237,60.700000000,0.021628949,1.387843556,1.570635924,0.286426660,0.000000000,local_raw_sparc_rotmod_derived_no_raw_redistribution,paper3_seed_candidate_search_not_tau_core_validation
UGC00731,5.450000000,0.499541705,21.076445383,64.700000000,0.022012352,1.381653045,1.498044398,0.253810314,0.000000000,local_raw_sparc_rotmod_derived_no_raw_redistribution,paper3_seed_candidate_search_not_tau_core_validation
UGC00731,6.360000000,0.582951421,25.520870871,68.000000000,0.027656809,1.301459251,1.278938142,0.146467744,0.000000000,local_raw_sparc_rotmod_derived_no_raw_redistribution,paper3_seed_candidate_search_not_tau_core_validation
UGC00731,7.280000000,0.667277727,31.765963703,71.500000000,0.037433540,1.195897715,1.045939617,0.024711112,0.000000000,local_raw_sparc_rotmod_derived_no_raw_redistribution,paper3_seed_candidate_search_not_tau_core_validation
UGC00731,8.190000000,0.750687443,35.200648432,73.400000000,0.040858803,1.165564491,0.931041456,-0.037821630,0.000000000,local_raw_sparc_rotmod_derived_no_raw_redistribution,paper3_seed_candidate_search_not_tau_core_validation
UGC00731,9.090000000,0.833180568,36.192709211,74.000000000,0.038917641,1.182415344,0.883454948,-0.065224822,0.000000000,local_raw_sparc_rotmod_derived_no_raw_redistribution,paper3_seed_candidate_search_not_tau_core_validation
UGC00731,10.000000000,0.916590284,37.185003025,73.800000000,0.037342540,1.196742356,0.822792870,-0.101522319,0.000000000,local_raw_sparc_rotmod_derived_no_raw_redistribution,paper3_seed_candidate_search_not_tau_core_validation
UGC00731,10.910000000,1.000000000,36.883152658,73.900000000,0.033674374,1.232689664,0.814174765,-0.108249037,0.000000000,local_raw_sparc_rotmod_derived_no_raw_redistribution,paper3_seed_candidate_search_not_tau_core_validation
UGC02455,0.500000000,0.124069479,29.173125475,16.900000000,0.459689013,0.415954254,-1.011408604,-0.893737992,0.000000000,local_raw_sparc_rotmod_derived_no_raw_redistribution,paper3_seed_candidate_search_not_tau_core_validation
UGC02455,1.000000000,0.248138958,46.075891744,23.900000000,0.573344574,0.363409937,-1.324373693,-0.966400267,0.000000000,local_raw_sparc_rotmod_derived_no_raw_redistribution,paper3_seed_candidate_search_not_tau_core_validation
UGC02455,1.510000000,0.374689826,56.237535952,28.200000000,0.565644839,0.366511200,-1.360273724,-1.002523378,-0.000000000,local_raw_sparc_rotmod_derived_no_raw_redistribution,paper3_seed_candidate_search_not_tau_core_validation
UGC02455,2.010000000,0.498759305,56.107233936,33.000000000,0.422970296,0.436751917,-0.942962197,-0.893142143,0.000000000,local_raw_sparc_rotmod_derived_no_raw_redistribution,paper3_seed_candidate_search_not_tau_core_validation
UGC02455,2.520000000,0.625310174,56.568713526,39.100000000,0.342941681,0.491420651,-0.628392825,-0.769062724,0.000000000,local_raw_sparc_rotmod_derived_no_raw_redistribution,paper3_seed_candidate_search_not_tau_core_validation
UGC02455,3.020000000,0.749379653,57.144095496,43.800000000,0.292014214,0.535375874,-0.436173204,-0.694717472,0.000000000,local_raw_sparc_rotmod_derived_no_raw_redistribution,paper3_seed_candidate_search_not_tau_core_validation
UGC02455,3.520000000,0.873449132,56.178762891,53.100000000,0.242141868,0.588624731,-0.093103406,-0.519230565,0.000000000,local_raw_sparc_rotmod_derived_no_raw_redistribution,paper3_seed_candidate_search_not_tau_core_validation
UGC02455,4.030000000,1.000000000,54.903905599,61.000000000,0.202008499,0.642038190,0.172936865,-0.390648891,0.000000000,local_raw_sparc_rotmod_derived_no_raw_redistribution,paper3_seed_candidate_search_not_tau_core_validation
UGC03580,0.110000000,0.004065041,37.631520033,56.200000000,3.476794688,0.091006746,5.421893804,0.313973869,0.000000000,local_raw_sparc_rotmod_derived_no_raw_redistribution,paper3_seed_candidate_search_not_tau_core_validation
UGC03580,0.230000000,0.008499630,64.907568280,64.600000000,4.946876298,0.066279515,-0.071493554,-0.068925321,0.000000000,local_raw_sparc_rotmod_derived_no_raw_redistribution,paper3_seed_candidate_search_not_tau_core_validation
UGC03580,0.340000000,0.012564671,77.974664283,70.200000000,4.829434929,0.067748617,-1.471728496,-0.170587981,0.000000000,local_raw_sparc_rotmod_derived_no_raw_redistribution,paper3_seed_candidate_search_not_tau_core_validation
UGC03580,0.460000000,0.016999261,85.311024610,71.600000000,4.272879969,0.075703907,-2.122982710,-0.248183862,0.000000000,local_raw_sparc_rotmod_derived_no_raw_redistribution,paper3_seed_candidate_search_not_tau_core_validation
UGC03580,0.570000000,0.021064302,87.663496964,71.000000000,3.641085985,0.087359905,-2.175881315,-0.294578362,0.000000000,local_raw_sparc_rotmod_derived_no_raw_redistribution,paper3_seed_candidate_search_not_tau_core_validation
UGC03580,0.690000000,0.025498891,89.991914359,69.000000000,3.169757944,0.098712994,-2.363057188,-0.359752810,0.000000000,local_raw_sparc_rotmod_derived_no_raw_redistribution,paper3_seed_candidate_search_not_tau_core_validation
UGC03580,0.800000000,0.029563932,92.280174577,67.700000000,2.874716599,0.107466635,-2.478579806,-0.411818241,0.000000000,local_raw_sparc_rotmod_derived_no_raw_redistribution,paper3_seed_candidate_search_not_tau_core_validation
UGC03580,0.920000000,0.033998522,94.191053821,66.900000000,2.604352064,0.116984918,-2.476742036,-0.452759258,0.000000000,local_raw_sparc_rotmod_derived_no_raw_redistribution,paper3_seed_candidate_search_not_tau_core_validation
UGC03580,1.030000000,0.038063562,96.043934634,66.600000000,2.418637995,0.124573556,-2.460934419,-0.483505064,0.000000000,local_raw_sparc_rotmod_derived_no_raw_redistribution,paper3_seed_candidate_search_not_tau_core_validation
UGC03580,1.140000000,0.042128603,96.871842245,66.800000000,2.223097321,0.133718899,-2.321505328,-0.497189100,0.000000000,local_raw_sparc_rotmod_derived_no_raw_redistribution,paper3_seed_candidate_search_not_tau_core_validation
UGC03580,1.260000000,0.046563193,97.260279919,67.400000000,2.027536559,0.144333984,-2.127109072,-0.501568460,0.000000000,local_raw_sparc_rotmod_derived_no_raw_redistribution,paper3_seed_candidate_search_not_tau_core_validation
UGC03580,1.370000000,0.050628234,97.075504531,68.300000000,1.857663099,0.155046562,-1.911838272,-0.495719963,0.000000000,local_raw_sparc_rotmod_derived_no_raw_redistribution,paper3_seed_candidate_search_not_tau_core_validation
UGC03580,1.490000000,0.055062823,96.338427276,69.600000000,1.682213232,0.167951506,-1.652541616,-0.480354073,0.000000000,local_raw_sparc_rotmod_derived_no_raw_redistribution,paper3_seed_candidate_search_not_tau_core_validation
UGC03580,1.610000000,0.059497413,95.534689878,71.200000000,1.530962415,0.180973103,-1.407507392,-0.460335370,0.000000000,local_raw_sparc_rotmod_derived_no_raw_redistribution,paper3_seed_candidate_search_not_tau_core_validation
UGC03580,1.710000000,0.063192905,94.851881109,72.900000000,1.420901572,0.191825439,-1.206478518,-0.438714004,0.000000000,local_raw_sparc_rotmod_derived_no_raw_redistribution,paper3_seed_candidate_search_not_tau_core_validation
UGC03580,1.830000000,0.067627494,93.982020195,74.900000000,1.303486901,0.204977201,-0.990544559,-0.413410245,0.000000000,local_raw_sparc_rotmod_derived_no_raw_redistribution,paper3_seed_candidate_search_not_tau_core_validation
UGC03580,1.940000000,0.071692535,93.078000462,77.000000000,1.206036825,0.217388873,-0.794598389,-0.386340732,0.000000000,local_raw_sparc_rotmod_derived_no_raw_redistribution,paper3_seed_candidate_search_not_tau_core_validation
UGC03580,2.060000000,0.076127125,92.132339056,79.200000000,1.112820667,0.230805335,-0.608161806,-0.358918412,0.000000000,local_raw_sparc_rotmod_derived_no_raw_redistribution,paper3_seed_candidate_search_not_tau_core_validation
UGC03580,2.180000000,0.080561715,91.339842183,81.400000000,1.033551755,0.243641779,-0.446650135,-0.333255801,0.000000000,local_raw_sparc_rotmod_derived_no_raw_redistribution,paper3_seed_candidate_search_not_tau_core_validation
UGC03580,2.290000000,0.084626755,90.906356598,83.600000000,0.974588384,0.254196011,-0.316182538,-0.310281147,0.000000000,local_raw_sparc_rotmod_derived_no_raw_redistribution,paper3_seed_candidate_search_not_tau_core_validation
UGC03580,2.400000000,0.088691796,90.631919984,85.700000000,0.924313567,0.263978360,-0.206142014,-0.290217818,0.000000000,local_raw_sparc_rotmod_derived_no_raw_redistribution,paper3_seed_candidate_search_not_tau_core_validation
UGC03580,2.520000000,0.093126386,90.365030128,87.800000000,0.875121721,0.274343712,-0.103465858,-0.271227168,0.000000000,local_raw_sparc_rotmod_derived_no_raw_redistribution,paper3_seed_candidate_search_not_tau_core_validation
UGC03580,2.630000000,0.097191426,90.082679079,89.700000000,0.833287846,0.283855369,-0.014965675,-0.254124694,0.000000000,local_raw_sparc_rotmod_derived_no_raw_redistribution,paper3_seed_candidate_search_not_tau_core_validation
UGC03580,2.750000000,0.101626016,89.602101984,91.400000000,0.788445921,0.294853861,0.068051866,-0.238531141,0.000000000,local_raw_sparc_rotmod_derived_no_raw_redistribution,paper3_seed_candidate_search_not_tau_core_validation
UGC03580,2.860000000,0.105691057,89.088676609,92.800000000,0.749457812,0.305176021,0.136507303,-0.225523514,0.000000000,local_raw_sparc_rotmod_derived_no_raw_redistribution,paper3_seed_candidate_search_not_tau_core_validation
UGC03580,2.980000000,0.110125647,88.479955527,94.100000000,0.709482579,0.316587627,0.200632331,-0.213461247,0.000000000,local_raw_sparc_rotmod_derived_no_raw_redistribution,paper3_seed_candidate_search_not_tau_core_validation
UGC03580,3.090000000,0.114190687,87.867586003,95.200000000,0.674787641,0.327255703,0.254994644,-0.202964464,0.000000000,local_raw_sparc_rotmod_derived_no_raw_redistribution,paper3_seed_candidate_search_not_tau_core_validation
UGC03580,3.200000000,0.118255728,87.243413620,96.100000000,0.642367456,0.337944078,0.300392353,-0.194446919,0.000000000,local_raw_sparc_rotmod_derived_no_raw_redistribution,paper3_seed_candidate_search_not_tau_core_validation
UGC03580,4.520000000,0.167036216,80.084559873,97.400000000,0.383201641,0.462094125,0.467901346,-0.184126605,0.000000000,local_raw_sparc_rotmod_derived_no_raw_redistribution,paper3_seed_candidate_search_not_tau_core_validation
UGC03580,4.690000000,0.173318551,79.297852745,96.900000000,0.362091409,0.476956767,0.465398745,-0.189515264,0.000000000,local_raw_sparc_rotmod_derived_no_raw_redistribution,paper3_seed_candidate_search_not_tau_core_validation
UGC03580,6.030000000,0.222838137,73.946115314,96.800000000,0.244895962,0.585350556,0.527993569,-0.191495216,0.000000000,local_raw_sparc_rotmod_derived_no_raw_redistribution,paper3_seed_candidate_search_not_tau_core_validation
UGC03580,7.530000000,0.278270510,70.287074559,105.000000000,0.177183864,0.681729241,0.724442341,-0.118450145,0.000000000,local_raw_sparc_rotmod_derived_no_raw_redistribution,paper3_seed_candidate_search_not_tau_core_validation
UGC03580,8.580000000,0.317073171,68.092093006,110.000000000,0.145939982,0.741882625,0.829591107,-0.075347229,0.000000000,local_raw_sparc_rotmod_derived_no_raw_redistribution,paper3_seed_candidate_search_not_tau_core_validation
UGC03580,8.700000000,0.321507761,67.895395278,110.000000000,0.143096693,0.748071244,0.828984314,-0.076000884,0.000000000,local_raw_sparc_rotmod_derived_no_raw_redistribution,paper3_seed_candidate_search_not_tau_core_validation
UGC03580,8.820000000,0.325942350,67.714594660,110.000000000,0.140399057,0.754072113,0.828123931,-0.076761376,0.000000000,local_raw_sparc_rotmod_derived_no_raw_redistribution,paper3_seed_candidate_search_not_tau_core_validation
UGC03580,9.030000000,0.333702882,67.393234601,111.000000000,0.135835430,0.764524672,0.846342339,-0.068895781,0.000000000,local_raw_sparc_rotmod_derived_no_raw_redistribution,paper3_seed_candidate_search_not_tau_core_validation
UGC03580,9.050000000,0.334441981,67.345016371,111.000000000,0.135341366,0.765679833,0.846605642,-0.068834493,0.000000000,local_raw_sparc_rotmod_derived_no_raw_redistribution,paper3_seed_candidate_search_not_tau_core_validation
UGC03580,10.530000000,0.389135255,65.601185736,112.000000000,0.110373094,0.831090589,0.851033838,-0.070006639,0.000000000,local_raw_sparc_rotmod_derived_no_raw_redistribution,paper3_seed_candidate_search_not_tau_core_validation
UGC03580,12.070000000,0.446045824,64.248994934,112.000000000,0.092362061,0.889337290,0.835698603,-0.080493337,0.000000000,local_raw_sparc_rotmod_derived_no_raw_redistribution,paper3_seed_candidate_search_not_tau_core_validation
UGC03580,13.580000000,0.501847746,62.772082330,114.000000000,0.078361278,0.943872455,0.864623141,-0.067994072,0.000000000,local_raw_sparc_rotmod_derived_no_raw_redistribution,paper3_seed_candidate_search_not_tau_core_validation
UGC03580,15.090000000,0.557649667,61.265736917,118.000000000,0.067176024,0.995563734,0.930162204,-0.035462705,0.000000000,local_raw_sparc_rotmod_derived_no_raw_redistribution,paper3_seed_candidate_search_not_tau_core_validation
UGC03580,16.600000000,0.613451589,59.832511229,122.000000000,0.058241772,1.043914057,0.995316831,-0.002394759,0.000000000,local_raw_sparc_rotmod_derived_no_raw_redistribution,paper3_seed_candidate_search_not_tau_core_validation
UGC03580,18.110000000,0.669253511,58.562472369,125.000000000,0.051143279,1.088280940,1.042444725,0.021878438,-0.000000000,local_raw_sparc_rotmod_derived_no_raw_redistribution,paper3_seed_candidate_search_not_tau_core_validation
UGC03580,19.620000000,0.725055432,57.311280129,128.000000000,0.045211553,1.130623898,1.090917345,0.047117952,0.000000000,local_raw_sparc_rotmod_derived_no_raw_redistribution,paper3_seed_candidate_search_not_tau_core_validation
UGC03580,21.020000000,0.776792313,56.025568984,131.000000000,0.040328127,1.170087225,1.143690899,0.074621785,0.000000000,local_raw_sparc_rotmod_derived_no_raw_redistribution,paper3_seed_candidate_search_not_tau_core_validation
UGC03580,24.040000000,0.888396157,52.175233780,127.000000000,0.030581765,1.266290932,1.132524140,0.071434608,0.000000000,local_raw_sparc_rotmod_derived_no_raw_redistribution,paper3_seed_candidate_search_not_tau_core_validation
UGC03580,27.060000000,1.000000000,48.998875191,124.000000000,0.023961425,1.351796004,1.132323467,0.073304930,0.000000000,local_raw_sparc_rotmod_derived_no_raw_redistribution,paper3_seed_candidate_search_not_tau_core_validation
UGC04305,0.250000000,0.045289855,4.440681254,3.170000000,0.021302344,1.393206036,-0.205386396,-1.209710117,0.000000000,local_raw_sparc_rotmod_derived_no_raw_redistribution,paper3_seed_candidate_search_not_tau_core_validation
UGC04305,0.500000000,0.090579710,8.689185808,10.500000000,0.040780859,1.166224932,0.178695034,-0.583689975,0.000000000,local_raw_sparc_rotmod_derived_no_raw_redistribution,paper3_seed_candidate_search_not_tau_core_validation
UGC04305,0.750000000,0.135869565,13.538794259,17.500000000,0.066003493,1.001507116,0.292141579,-0.437258787,0.000000000,local_raw_sparc_rotmod_derived_no_raw_redistribution,paper3_seed_candidate_search_not_tau_core_validation
UGC04305,1.000000000,0.181159420,18.187758246,22.700000000,0.089336011,0.900330827,0.275556758,-0.420411810,0.000000000,local_raw_sparc_rotmod_derived_no_raw_redistribution,paper3_seed_candidate_search_not_tau_core_validation
UGC04305,1.260000000,0.228260870,22.075909947,29.700000000,0.104456361,0.849002086,0.406780988,-0.317986001,0.000000000,local_raw_sparc_rotmod_derived_no_raw_redistribution,paper3_seed_candidate_search_not_tau_core_validation
UGC04305,1.500000000,0.271739130,22.984031413,34.500000000,0.095110697,0.879684944,0.569570000,-0.224944544,0.000000000,local_raw_sparc_rotmod_derived_no_raw_redistribution,paper3_seed_candidate_search_not_tau_core_validation
UGC04305,1.760000000,0.318840580,23.444132528,36.000000000,0.084338112,0.919400824,0.582515742,-0.223114380,0.000000000,local_raw_sparc_rotmod_derived_no_raw_redistribution,paper3_seed_candidate_search_not_tau_core_validation
UGC04305,2.010000000,0.364130435,22.789488805,37.300000000,0.069781664,0.982741888,0.647901016,-0.191786765,0.000000000,local_raw_sparc_rotmod_derived_no_raw_redistribution,paper3_seed_candidate_search_not_tau_core_validation
UGC04305,2.260000000,0.409420290,23.593933542,35.600000000,0.066521261,0.998868910,0.509438655,-0.281225464,0.000000000,local_raw_sparc_rotmod_derived_no_raw_redistribution,paper3_seed_candidate_search_not_tau_core_validation
UGC04305,2.510000000,0.454710145,25.236229909,34.900000000,0.068524115,0.988865248,0.387244269,-0.363358077,0.000000000,local_raw_sparc_rotmod_derived_no_raw_redistribution,paper3_seed_candidate_search_not_tau_core_validation
UGC04305,2.760000000,0.500000000,27.841058708,32.700000000,0.075845640,0.954778339,0.182790385,-0.509413591,0.000000000,local_raw_sparc_rotmod_derived_no_raw_redistribution,paper3_seed_candidate_search_not_tau_core_validation
UGC04305,3.010000000,0.545289855,29.875792040,32.800000000,0.080083043,0.936622466,0.104501917,-0.567565465,0.000000000,local_raw_sparc_rotmod_derived_no_raw_redistribution,paper3_seed_candidate_search_not_tau_core_validation
UGC04305,3.270000000,0.592391304,31.063657222,33.200000000,0.079694000,0.938245912,0.073299611,-0.595272077,0.000000000,local_raw_sparc_rotmod_derived_no_raw_redistribution,paper3_seed_candidate_search_not_tau_core_validation
UGC04305,3.510000000,0.635869565,32.250427129,32.100000000,0.080026170,0.936859263,-0.004978704,-0.665742982,0.000000000,local_raw_sparc_rotmod_derived_no_raw_redistribution,paper3_seed_candidate_search_not_tau_core_validation
UGC04305,3.760000000,0.681159420,32.721750412,30.100000000,0.076904795,0.950140097,-0.084327101,-0.751416050,0.000000000,local_raw_sparc_rotmod_derived_no_raw_redistribution,paper3_seed_candidate_search_not_tau_core_validation
UGC04305,4.020000000,0.728260870,33.093784915,32.300000000,0.073575807,0.964956228,-0.024857004,-0.699748237,0.000000000,local_raw_sparc_rotmod_derived_no_raw_redistribution,paper3_seed_candidate_search_not_tau_core_validation
UGC04305,4.260000000,0.771739130,33.150523374,33.600000000,0.069668970,0.983285814,0.013789133,-0.671287409,-0.000000000,local_raw_sparc_rotmod_derived_no_raw_redistribution,paper3_seed_candidate_search_not_tau_core_validation
UGC04305,4.520000000,0.818840580,33.330168766,35.100000000,0.066375041,0.999611738,0.053120603,-0.641214856,0.000000000,local_raw_sparc_rotmod_derived_no_raw_redistribution,paper3_seed_candidate_search_not_tau_core_validation
UGC04305,4.770000000,0.864130435,33.686931442,35.300000000,0.064249941,1.010608106,0.047381477,-0.651664224,0.000000000,local_raw_sparc_rotmod_derived_no_raw_redistribution,paper3_seed_candidate_search_not_tau_core_validation
UGC04305,5.020000000,0.909420290,33.867609895,35.200000000,0.061706880,1.024285580,0.038408362,-0.666629853,0.000000000,local_raw_sparc_rotmod_derived_no_raw_redistribution,paper3_seed_candidate_search_not_tau_core_validation
UGC04305,5.270000000,0.954710145,33.659483062,34.600000000,0.058059391,1.044981099,0.026739344,-0.687829696,0.000000000,local_raw_sparc_rotmod_derived_no_raw_redistribution,paper3_seed_candidate_search_not_tau_core_validation
UGC04305,5.520000000,1.000000000,33.232664654,33.000000000,0.054033047,1.069481965,-0.006546238,-0.734324023,0.000000000,local_raw_sparc_rotmod_derived_no_raw_redistribution,paper3_seed_candidate_search_not_tau_core_validation
UGC04325,0.700000000,0.125223614,15.103223166,41.300000000,0.088005426,0.905293061,1.915971433,0.361318490,0.000000000,local_raw_sparc_rotmod_derived_no_raw_redistribution,paper3_seed_candidate_search_not_tau_core_validation
UGC04325,1.400000000,0.250447227,23.761874926,68.700000000,0.108918483,0.835394666,2.263823402,0.454407262,0.000000000,local_raw_sparc_rotmod_derived_no_raw_redistribution,paper3_seed_candidate_search_not_tau_core_validation
UGC04325,2.090000000,0.373881932,32.198659134,83.800000000,0.133966896,0.768918444,2.084216944,0.386139887,0.000000000,local_raw_sparc_rotmod_derived_no_raw_redistribution,paper3_seed_candidate_search_not_tau_core_validation
UGC04325,2.790000000,0.499105546,38.730009682,88.700000000,0.145197526,0.743485446,1.735358424,0.272758906,-0.000000000,local_raw_sparc_rotmod_derived_no_raw_redistribution,paper3_seed_candidate_search_not_tau_core_validation
UGC04325,3.490000000,0.624329159,42.835165460,90.100000000,0.141985397,0.750527780,1.470181390,0.183643445,0.000000000,local_raw_sparc_rotmod_derived_no_raw_redistribution,paper3_seed_candidate_search_not_tau_core_validation
UGC04325,4.190000000,0.749552773,43.939070313,91.600000000,0.124438828,0.792441041,1.368814780,0.151048962,-0.000000000,local_raw_sparc_rotmod_derived_no_raw_redistribution,paper3_seed_candidate_search_not_tau_core_validation
UGC04325,4.890000000,0.874776386,44.018271206,92.700000000,0.107010234,0.841137733,1.314818769,0.134379956,0.000000000,local_raw_sparc_rotmod_derived_no_raw_redistribution,paper3_seed_candidate_search_not_tau_core_validation
UGC04325,5.590000000,1.000000000,43.466342726,91.500000000,0.091277261,0.893232859,1.237165680,0.106066189,0.000000000,local_raw_sparc_rotmod_derived_no_raw_redistribution,paper3_seed_candidate_search_not_tau_core_validation
UGC04499,0.910000000,0.111246944,21.061391217,26.000000000,0.131643957,0.774477253,0.302767254,-0.362850900,0.000000000,local_raw_sparc_rotmod_derived_no_raw_redistribution,paper3_seed_candidate_search_not_tau_core_validation
UGC04499,1.820000000,0.222493888,25.717965511,45.100000000,0.098145420,0.869374006,0.866874248,-0.063911167,0.000000000,local_raw_sparc_rotmod_derived_no_raw_redistribution,paper3_seed_candidate_search_not_tau_core_validation
UGC04499,2.730000000,0.333740831,30.178014348,57.000000000,0.090092136,0.897546464,0.990246520,-0.004624107,0.000000000,local_raw_sparc_rotmod_derived_no_raw_redistribution,paper3_seed_candidate_search_not_tau_core_validation
UGC04499,3.630000000,0.443765281,35.092746402,62.000000000,0.091621268,0.891992102,0.859589308,-0.068490365,0.000000000,local_raw_sparc_rotmod_derived_no_raw_redistribution,paper3_seed_candidate_search_not_tau_core_validation
UGC04499,4.550000000,0.556234719,36.647688877,66.900000000,0.079716825,0.938150429,0.879912495,-0.059885531,0.000000000,local_raw_sparc_rotmod_derived_no_raw_redistribution,paper3_seed_candidate_search_not_tau_core_validation
UGC04499,5.450000000,0.666259169,37.681245999,70.600000000,0.070359414,0.979967943,0.891469038,-0.055213027,0.000000000,local_raw_sparc_rotmod_derived_no_raw_redistribution,paper3_seed_candidate_search_not_tau_core_validation
UGC04499,6.370000000,0.778728606,37.517715149,72.800000000,0.059676252,1.035642443,0.908051499,-0.047908736,0.000000000,local_raw_sparc_rotmod_derived_no_raw_redistribution,paper3_seed_candidate_search_not_tau_core_validation
UGC04499,7.280000000,0.889975550,39.213273901,73.300000000,0.057043089,1.050992576,0.827089562,-0.092778560,0.000000000,local_raw_sparc_rotmod_derived_no_raw_redistribution,paper3_seed_candidate_search_not_tau_core_validation
UGC04499,8.180000000,1.000000000,39.872765141,74.300000000,0.052488917,1.079391956,0.799920102,-0.109658083,0.000000000,local_raw_sparc_rotmod_derived_no_raw_redistribution,paper3_seed_candidate_search_not_tau_core_validation
UGC05253,0.130000000,0.002439482,125.601216634,232.000000000,32.772724627,0.010820488,78.288142091,0.602863066,-0.000000000,local_raw_sparc_rotmod_derived_no_raw_redistribution,paper3_seed_candidate_search_not_tau_core_validation
UGC05253,0.250000000,0.004691312,185.024211335,233.000000000,36.981568203,0.009605291,26.994982495,0.220992312,0.000000000,local_raw_sparc_rotmod_derived_no_raw_redistribution,paper3_seed_candidate_search_not_tau_core_validation
UGC05253,0.380000000,0.007130794,213.112269989,234.000000000,32.277621323,0.010983955,8.923269993,0.082577930,0.000000000,local_raw_sparc_rotmod_derived_no_raw_redistribution,paper3_seed_candidate_search_not_tau_core_validation
UGC05253,0.510000000,0.009570276,226.185144738,235.000000000,27.091071905,0.013049128,2.986548915,0.025266905,0.000000000,local_raw_sparc_rotmod_derived_no_raw_redistribution,paper3_seed_candidate_search_not_tau_core_validation
UGC05253,0.630000000,0.011822105,232.571563567,236.000000000,23.186803659,0.015200594,0.969792746,-0.000452395,-0.000000000,local_raw_sparc_rotmod_derived_no_raw_redistribution,paper3_seed_candidate_search_not_tau_core_validation
UGC05253,0.760000000,0.014261588,235.063242767,237.000000000,19.634690622,0.017883266,0.460726962,-0.009519697,0.000000000,local_raw_sparc_rotmod_derived_no_raw_redistribution,paper3_seed_candidate_search_not_tau_core_validation
UGC05253,0.890000000,0.016701070,236.262858105,238.000000000,16.938272243,0.020649907,0.356058811,-0.013113905,0.000000000,local_raw_sparc_rotmod_derived_no_raw_redistribution,paper3_seed_candidate_search_not_tau_core_validation
UGC05253,1.010000000,0.018952899,237.804296471,239.000000000,15.121198992,0.023053481,0.218105843,-0.017776264,0.000000000,local_raw_sparc_rotmod_derived_no_raw_redistribution,paper3_seed_candidate_search_not_tau_core_validation
UGC05253,1.140000000,0.021392381,238.236019275,240.000000000,13.445538634,0.025825778,0.286703508,-0.018120861,0.000000000,local_raw_sparc_rotmod_derived_no_raw_redistribution,paper3_seed_candidate_search_not_tau_core_validation
UGC05253,1.270000000,0.023831863,237.176785795,240.000000000,11.962139045,0.028903012,0.411840021,-0.016660069,0.000000000,local_raw_sparc_rotmod_derived_no_raw_redistribution,paper3_seed_candidate_search_not_tau_core_validation
UGC05253,1.390000000,0.026083693,237.609980367,241.000000000,10.969397272,0.031407781,0.454255593,-0.016758305,0.000000000,local_raw_sparc_rotmod_derived_no_raw_redistribution,paper3_seed_candidate_search_not_tau_core_validation
UGC05253,1.520000000,0.028523175,237.504822225,242.000000000,10.022348139,0.034238681,0.552786481,-0.014915783,0.000000000,local_raw_sparc_rotmod_derived_no_raw_redistribution,paper3_seed_candidate_search_not_tau_core_validation
UGC05253,1.650000000,0.030962657,236.642238791,242.000000000,9.165766626,0.037278122,0.607347249,-0.014211825,0.000000000,local_raw_sparc_rotmod_derived_no_raw_redistribution,paper3_seed_candidate_search_not_tau_core_validation
UGC05253,1.770000000,0.033214487,235.739327075,243.000000000,8.479280873,0.040133813,0.767422302,-0.009014576,0.000000000,local_raw_sparc_rotmod_derived_no_raw_redistribution,paper3_seed_candidate_search_not_tau_core_validation
UGC05253,1.900000000,0.035653969,234.856870604,244.000000000,7.840091789,0.043216818,0.900821628,-0.004117076,0.000000000,local_raw_sparc_rotmod_derived_no_raw_redistribution,paper3_seed_candidate_search_not_tau_core_validation
UGC05253,2.030000000,0.038093451,234.148484086,244.000000000,7.293817150,0.046253985,0.909625353,-0.004003388,0.000000000,local_raw_sparc_rotmod_derived_no_raw_redistribution,paper3_seed_candidate_search_not_tau_core_validation
UGC05253,2.160000000,0.040532933,233.657278680,244.000000000,6.826106915,0.049215842,0.899395251,-0.004730263,-0.000000000,local_raw_sparc_rotmod_derived_no_raw_redistribution,paper3_seed_candidate_search_not_tau_core_validation
UGC05253,2.280000000,0.042784763,233.577483675,245.000000000,6.462421976,0.051795308,0.944148676,-0.002754169,-0.000000000,local_raw_sparc_rotmod_derived_no_raw_redistribution,paper3_seed_candidate_search_not_tau_core_validation
UGC05253,2.410000000,0.045224245,233.796444648,245.000000000,6.125294459,0.054440720,0.880225813,-0.006203135,0.000000000,local_raw_sparc_rotmod_derived_no_raw_redistribution,paper3_seed_candidate_search_not_tau_core_validation
UGC05253,2.540000000,0.047663727,234.322020263,246.000000000,5.837954398,0.056918938,0.875584018,-0.006722802,0.000000000,local_raw_sparc_rotmod_derived_no_raw_redistribution,paper3_seed_candidate_search_not_tau_core_validation
UGC05253,2.660000000,0.049915556,234.811477892,246.000000000,5.597901031,0.059169550,0.805295247,-0.010936592,0.000000000,local_raw_sparc_rotmod_derived_no_raw_redistribution,paper3_seed_candidate_search_not_tau_core_validation
UGC05253,2.790000000,0.052355038,235.396983264,246.000000000,5.363716204,0.061543965,0.731885393,-0.015666263,0.000000000,local_raw_sparc_rotmod_derived_no_raw_redistribution,paper3_seed_candidate_search_not_tau_core_validation
UGC05253,2.920000000,0.054794521,235.820168709,247.000000000,5.143363857,0.063959450,0.741224188,-0.015678460,0.000000000,local_raw_sparc_rotmod_derived_no_raw_redistribution,paper3_seed_candidate_search_not_tau_core_validation
UGC05253,3.040000000,0.057046350,236.124092333,247.000000000,4.953078695,0.066203702,0.695733534,-0.019073543,0.000000000,local_raw_sparc_rotmod_derived_no_raw_redistribution,paper3_seed_candidate_search_not_tau_core_validation
UGC05253,3.170000000,0.059485832,236.256438918,247.000000000,4.755281747,0.068710338,0.661824007,-0.021982114,0.000000000,local_raw_sparc_rotmod_derived_no_raw_redistribution,paper3_seed_candidate_search_not_tau_core_validation
UGC05253,3.300000000,0.061925314,236.211495211,247.000000000,4.566214683,0.071291040,0.640656559,-0.024203734,0.000000000,local_raw_sparc_rotmod_derived_no_raw_redistribution,paper3_seed_candidate_search_not_tau_core_validation
UGC05253,3.420000000,0.064177144,235.991504784,247.000000000,4.397793588,0.073759434,0.632432255,-0.025573452,0.000000000,local_raw_sparc_rotmod_derived_no_raw_redistribution,paper3_seed_candidate_search_not_tau_core_validation
UGC05253,3.550000000,0.066616626,235.604101471,248.000000000,4.222848965,0.076511888,0.687648103,-0.022450195,0.000000000,local_raw_sparc_rotmod_derived_no_raw_redistribution,paper3_seed_candidate_search_not_tau_core_validation
UGC05253,3.680000000,0.069056108,235.443725187,248.000000000,4.068128206,0.079123884,0.674009621,-0.024192673,0.000000000,local_raw_sparc_rotmod_derived_no_raw_redistribution,paper3_seed_candidate_search_not_tau_core_validation
UGC05253,3.800000000,0.071307938,235.111551864,248.000000000,3.928552382,0.081638749,0.671475728,-0.025108596,0.000000000,local_raw_sparc_rotmod_derived_no_raw_redistribution,paper3_seed_candidate_search_not_tau_core_validation
UGC05253,3.930000000,0.073747420,234.525196344,248.000000000,3.779676886,0.084504392,0.679913490,-0.025257384,-0.000000000,local_raw_sparc_rotmod_derived_no_raw_redistribution,paper3_seed_candidate_search_not_tau_core_validation
UGC05253,4.060000000,0.076186902,233.870967309,248.000000000,3.638268941,0.087419959,0.691075533,-0.025148676,-0.000000000,local_raw_sparc_rotmod_derived_no_raw_redistribution,paper3_seed_candidate_search_not_tau_core_validation
UGC05253,4.180000000,0.078438731,233.096951996,248.000000000,3.510468790,0.090234542,0.708542144,-0.024418573,0.000000000,local_raw_sparc_rotmod_derived_no_raw_redistribution,paper3_seed_candidate_search_not_tau_core_validation
UGC05253,4.310000000,0.080878214,232.167079342,248.000000000,3.377475556,0.093363713,0.730436189,-0.023287456,0.000000000,local_raw_sparc_rotmod_derived_no_raw_redistribution,paper3_seed_candidate_search_not_tau_core_validation
UGC05253,4.440000000,0.083317696,231.208547052,248.000000000,3.251569249,0.096534153,0.752321379,-0.022045794,0.000000000,local_raw_sparc_rotmod_derived_no_raw_redistribution,paper3_seed_candidate_search_not_tau_core_validation
UGC05253,4.560000000,0.085569525,230.240035181,248.000000000,3.139532997,0.099543210,0.774907057,-0.020588480,-0.000000000,local_raw_sparc_rotmod_derived_no_raw_redistribution,paper3_seed_candidate_search_not_tau_core_validation
UGC05253,4.690000000,0.088009007,229.124070931,248.000000000,3.022990622,0.102880421,0.800764636,-0.018760227,-0.000000000,local_raw_sparc_rotmod_derived_no_raw_redistribution,paper3_seed_candidate_search_not_tau_core_validation
UGC05253,4.820000000,0.090448489,228.016291567,248.000000000,2.913083455,0.106240876,0.824932786,-0.016956004,-0.000000000,local_raw_sparc_rotmod_derived_no_raw_redistribution,paper3_seed_candidate_search_not_tau_core_validation
UGC05253,4.940000000,0.092700319,226.945049340,248.000000000,2.815676048,0.109409567,0.847965560,-0.015107121,0.000000000,local_raw_sparc_rotmod_derived_no_raw_redistribution,paper3_seed_candidate_search_not_tau_core_validation
UGC05253,4.990000000,0.093638581,226.492879314,248.000000000,2.776366329,0.110742934,0.857455702,-0.014313862,-0.000000000,local_raw_sparc_rotmod_derived_no_raw_redistribution,paper3_seed_candidate_search_not_tau_core_validation
UGC05253,5.070000000,0.095139801,225.753266134,248.000000000,2.714740575,0.112900481,0.872843585,-0.012983567,0.000000000,local_raw_sparc_rotmod_derived_no_raw_redistribution,paper3_seed_candidate_search_not_tau_core_validation
UGC05253,5.200000000,0.097579283,224.523598381,248.000000000,2.618115808,0.116459458,0.897831366,-0.010714550,-0.000000000,local_raw_sparc_rotmod_derived_no_raw_redistribution,paper3_seed_candidate_search_not_tau_core_validation
UGC05253,5.450000000,0.102270595,222.199178149,247.000000000,2.446564124,0.123369547,0.904723047,-0.010518535,0.000000000,local_raw_sparc_rotmod_derived_no_raw_redistribution,paper3_seed_candidate_search_not_tau_core_validation
UGC05253,5.580000000,0.104710077,220.899842621,247.000000000,2.361700506,0.127103413,0.929587997,-0.007972052,0.000000000,local_raw_sparc_rotmod_derived_no_raw_redistribution,paper3_seed_candidate_search_not_tau_core_validation
UGC05253,5.700000000,0.106961907,219.713354783,247.000000000,2.287211172,0.130574265,0.951121722,-0.005661130,0.000000000,local_raw_sparc_rotmod_derived_no_raw_redistribution,paper3_seed_candidate_search_not_tau_core_validation
UGC05253,5.830000000,0.109401389,218.298000495,247.000000000,2.207492159,0.134507618,0.977497182,-0.002671507,0.000000000,local_raw_sparc_rotmod_derived_no_raw_redistribution,paper3_seed_candidate_search_not_tau_core_validation
UGC05253,6.470000000,0.121411147,212.275291355,247.000000000,1.880887496,0.153487680,1.065775280,0.008714242,0.000000000,local_raw_sparc_rotmod_derived_no_raw_redistribution,paper3_seed_candidate_search_not_tau_core_validation
UGC05253,6.590000000,0.123662976,211.335865981,246.000000000,1.830329206,0.156922987,1.045250971,0.006119002,0.000000000,local_raw_sparc_rotmod_derived_no_raw_redistribution,paper3_seed_candidate_search_not_tau_core_validation
UGC05253,6.660000000,0.124976543,210.834008405,246.000000000,1.802500156,0.158881412,1.049806149,0.006805162,0.000000000,local_raw_sparc_rotmod_derived_no_raw_redistribution,paper3_seed_candidate_search_not_tau_core_validation
UGC05253,6.720000000,0.126102458,210.360760077,246.000000000,1.778395695,0.160618324,1.054796337,0.007554673,-0.000000000,local_raw_sparc_rotmod_derived_no_raw_redistribution,paper3_seed_candidate_search_not_tau_core_validation
UGC05253,6.850000000,0.128541940,209.496910789,246.000000000,1.730345723,0.164198524,1.061164585,0.008589654,0.000000000,local_raw_sparc_rotmod_derived_no_raw_redistribution,paper3_seed_candidate_search_not_tau_core_validation
UGC05253,6.970000000,0.130793770,208.760349133,246.000000000,1.688618176,0.167442057,1.065351779,0.009329517,0.000000000,local_raw_sparc_rotmod_derived_no_raw_redistribution,paper3_seed_candidate_search_not_tau_core_validation
UGC05253,7.100000000,0.133233252,208.006741525,246.000000000,1.645753099,0.170912758,1.068697147,0.009977466,0.000000000,local_raw_sparc_rotmod_derived_no_raw_redistribution,paper3_seed_candidate_search_not_tau_core_validation
UGC05253,7.230000000,0.135672734,207.331397212,246.000000000,1.605683928,0.174292343,1.070077170,0.010347366,0.000000000,local_raw_sparc_rotmod_derived_no_raw_redistribution,paper3_seed_candidate_search_not_tau_core_validation
UGC05253,8.320000000,0.156126853,202.030910061,246.000000000,1.324892137,0.202443334,1.075043840,0.012555232,0.000000000,local_raw_sparc_rotmod_derived_no_raw_redistribution,paper3_seed_candidate_search_not_tau_core_validation
UGC05253,10.000000000,0.187652468,192.820452053,245.000000000,1.004094070,0.248798308,1.087676619,0.017317020,0.000000000,local_raw_sparc_rotmod_derived_no_raw_redistribution,paper3_seed_candidate_search_not_tau_core_validation
UGC05253,11.610000000,0.217864515,185.695379668,245.000000000,0.802117858,0.291406424,1.095943867,0.021418748,0.000000000,local_raw_sparc_rotmod_derived_no_raw_redistribution,paper3_seed_candidate_search_not_tau_core_validation
UGC05253,13.350000000,0.250516044,175.148425914,246.000000000,0.620582351,0.345557710,1.170638162,0.042889192,-0.000000000,local_raw_sparc_rotmod_derived_no_raw_redistribution,paper3_seed_candidate_search_not_tau_core_validation
UGC05253,14.980000000,0.281103397,166.326053642,245.000000000,0.498743171,0.396104715,1.194154832,0.053622158,0.000000000,local_raw_sparc_rotmod_derived_no_raw_redistribution,paper3_seed_candidate_search_not_tau_core_validation
UGC05253,16.610000000,0.311690749,159.202334468,245.000000000,0.412095090,0.443367229,1.215520954,0.064103536,0.000000000,local_raw_sparc_rotmod_derived_no_raw_redistribution,paper3_seed_candidate_search_not_tau_core_validation
UGC05253,18.340000000,0.344154626,153.659956885,245.000000000,0.347688472,0.487742140,1.218737645,0.069256493,0.000000000,local_raw_sparc_rotmod_derived_no_raw_redistribution,paper3_seed_candidate_search_not_tau_core_validation
UGC05253,19.970000000,0.374741978,149.969581849,245.000000000,0.304156082,0.524077356,1.209105132,0.069436510,0.000000000,local_raw_sparc_rotmod_derived_no_raw_redistribution,paper3_seed_candidate_search_not_tau_core_validation
UGC05253,21.600000000,0.405329330,146.174625534,245.000000000,0.267152005,0.560415363,1.206386437,0.071504194,0.000000000,local_raw_sparc_rotmod_derived_no_raw_redistribution,paper3_seed_candidate_search_not_tau_core_validation
UGC05253,23.330000000,0.437793207,142.850985051,244.000000000,0.236221786,0.595815813,1.188410261,0.067981114,0.000000000,local_raw_sparc_rotmod_derived_no_raw_redistribution,paper3_seed_candidate_search_not_tau_core_validation
UGC05253,26.700000000,0.501032089,136.854732655,243.000000000,0.189442139,0.661376175,1.172714428,0.066495145,0.000000000,local_raw_sparc_rotmod_derived_no_raw_redistribution,paper3_seed_candidate_search_not_tau_core_validation
UGC05253,29.950000000,0.562019141,130.766729981,239.000000000,0.154193444,0.724661682,1.142163345,0.058017598,0.000000000,local_raw_sparc_rotmod_derived_no_raw_redistribution,paper3_seed_candidate_search_not_tau_core_validation
UGC05253,33.320000000,0.625258022,124.596771748,231.000000000,0.125827856,0.788889300,1.082510080,0.035740089,0.000000000,local_raw_sparc_rotmod_derived_no_raw_redistribution,paper3_seed_candidate_search_not_tau_core_validation
UGC05253,36.680000000,0.688309251,119.383353530,219.000000000,0.104936465,0.847507695,0.984565226,-0.007105583,0.000000000,local_raw_sparc_rotmod_derived_no_raw_redistribution,paper3_seed_candidate_search_not_tau_core_validation
UGC05253,39.940000000,0.749483956,114.567780026,210.000000000,0.088753430,0.902493579,0.922971749,-0.037224518,0.000000000,local_raw_sparc_rotmod_derived_no_raw_redistribution,paper3_seed_candidate_search_not_tau_core_validation
UGC05253,43.300000000,0.812535185,110.499710271,210.000000000,0.076155731,0.953413245,0.944456641,-0.027483593,0.000000000,local_raw_sparc_rotmod_derived_no_raw_redistribution,paper3_seed_candidate_search_not_tau_core_validation
UGC05253,46.670000000,0.875774066,107.981057922,212.000000000,0.067472308,0.994079357,0.969044674,-0.015552016,0.000000000,local_raw_sparc_rotmod_derived_no_raw_redistribution,paper3_seed_candidate_search_not_tau_core_validation
UGC05253,49.920000000,0.936761118,106.136374915,213.000000000,0.060942762,1.028512114,0.978940375,-0.010735233,0.000000000,local_raw_sparc_rotmod_derived_no_raw_redistribution,paper3_seed_candidate_search_not_tau_core_validation
UGC05253,53.290000000,1.000000000,103.100117362,218.000000000,0.053869235,1.070519084,1.041036632,0.020995193,0.000000000,local_raw_sparc_rotmod_derived_no_raw_redistribution,paper3_seed_candidate_search_not_tau_core_validation
UGC05716,1.030000000,0.083265966,15.744849952,39.150000000,0.064999204,1.006687552,1.476652160,0.214401719,0.000000000,local_raw_sparc_rotmod_derived_no_raw_redistribution,paper3_seed_candidate_search_not_tau_core_validation
UGC05716,2.070000000,0.167340340,20.883164272,49.150000000,0.056897145,1.051865105,1.286829009,0.137184363,0.000000000,local_raw_sparc_rotmod_derived_no_raw_redistribution,paper3_seed_candidate_search_not_tau_core_validation
UGC05716,3.090000000,0.249797898,22.056366428,55.050000000,0.042518474,1.151804167,1.298725995,0.148333939,0.000000000,local_raw_sparc_rotmod_derived_no_raw_redistribution,paper3_seed_candidate_search_not_tau_core_validation
UGC05716,4.130000000,0.333872272,23.192727308,59.350000000,0.035174003,1.217526315,1.280458437,0.143221067,0.000000000,local_raw_sparc_rotmod_derived_no_raw_redistribution,paper3_seed_candidate_search_not_tau_core_validation
UGC05716,5.160000000,0.417138238,24.913803403,63.850000000,0.032486175,1.245207720,1.255080807,0.132316536,-0.000000000,local_raw_sparc_rotmod_derived_no_raw_redistribution,paper3_seed_candidate_search_not_tau_core_validation
UGC05716,6.200000000,0.501212611,26.691288841,68.200000000,0.031032417,1.261182075,1.233081875,0.122219595,0.000000000,local_raw_sparc_rotmod_derived_no_raw_redistribution,paper3_seed_candidate_search_not_tau_core_validation
UGC05716,7.230000000,0.584478577,28.869416343,71.700000000,0.031131921,1.260064347,1.177397923,0.094314686,0.000000000,local_raw_sparc_rotmod_derived_no_raw_redistribution,paper3_seed_candidate_search_not_tau_core_validation
UGC05716,8.260000000,0.667744543,30.555159957,73.500000000,0.030525113,1.266938654,1.109355757,0.059321522,0.000000000,local_raw_sparc_rotmod_derived_no_raw_redistribution,paper3_seed_candidate_search_not_tau_core_validation
UGC05716,9.280000000,0.750202102,31.412953538,73.150000000,0.028716915,1.288289262,1.031334519,0.017487295,0.000000000,local_raw_sparc_rotmod_derived_no_raw_redistribution,paper3_seed_candidate_search_not_tau_core_validation
UGC05716,10.340000000,0.835893290,31.570519476,72.500000000,0.026032215,1.322683058,0.980163924,-0.011360203,0.000000000,local_raw_sparc_rotmod_derived_no_raw_redistribution,paper3_seed_candidate_search_not_tau_core_validation
UGC05716,11.400000000,0.921584479,30.912354326,73.000000000,0.022637451,1.371792473,0.992508270,-0.004342466,0.000000000,local_raw_sparc_rotmod_derived_no_raw_redistribution,paper3_seed_candidate_search_not_tau_core_validation
UGC05716,12.370000000,1.000000000,29.683141680,74.700000000,0.019236154,1.429206207,1.061134474,0.035336287,0.000000000,local_raw_sparc_rotmod_derived_no_raw_redistribution,paper3_seed_candidate_search_not_tau_core_validation
UGC05764,0.360000000,0.099447514,4.688384583,21.450000000,0.016489678,1.483695320,2.409616430,0.610889061,0.000000000,local_raw_sparc_rotmod_derived_no_raw_redistribution,paper3_seed_candidate_search_not_tau_core_validation
UGC05764,0.730000000,0.201657459,9.424791775,31.300000000,0.032861613,1.241201987,1.869984340,0.393262134,0.000000000,local_raw_sparc_rotmod_derived_no_raw_redistribution,paper3_seed_candidate_search_not_tau_core_validation
UGC05764,1.090000000,0.301104972,12.401483782,41.700000000,0.038105618,1.189724790,1.985754092,0.428909134,0.000000000,local_raw_sparc_rotmod_derived_no_raw_redistribution,paper3_seed_candidate_search_not_tau_core_validation
UGC05764,1.450000000,0.400552486,15.075307625,48.350000000,0.042328470,1.153350896,1.913755309,0.398382888,0.000000000,local_raw_sparc_rotmod_derived_no_raw_redistribution,paper3_seed_candidate_search_not_tau_core_validation
UGC05764,1.810000000,0.500000000,17.970112687,50.600000000,0.048182711,1.108732652,1.637713526,0.289154477,0.000000000,local_raw_sparc_rotmod_derived_no_raw_redistribution,paper3_seed_candidate_search_not_tau_core_validation
UGC05764,2.170000000,0.599447514,20.151775356,54.050000000,0.050539984,1.092346126,1.539938467,0.248331168,0.000000000,local_raw_sparc_rotmod_derived_no_raw_redistribution,paper3_seed_candidate_search_not_tau_core_validation
UGC05764,2.540000000,0.701657459,21.597862163,55.800000000,0.049597070,1.098802751,1.441195010,0.207812470,0.000000000,local_raw_sparc_rotmod_derived_no_raw_redistribution,paper3_seed_candidate_search_not_tau_core_validation
UGC05764,2.900000000,0.801104972,22.218377529,54.550000000,0.045972158,1.124879784,1.293626923,0.144482721,-0.000000000,local_raw_sparc_rotmod_derived_no_raw_redistribution,paper3_seed_candidate_search_not_tau_core_validation
UGC05764,3.260000000,0.900552486,21.760314796,50.000000000,0.039226626,1.179675480,1.100099899,0.052759114,0.000000000,local_raw_sparc_rotmod_derived_no_raw_redistribution,paper3_seed_candidate_search_not_tau_core_validation
UGC05764,3.620000000,1.000000000,21.159426977,49.900000000,0.033401613,1.235522512,1.099362345,0.053460490,0.000000000,local_raw_sparc_rotmod_derived_no_raw_redistribution,paper3_seed_candidate_search_not_tau_core_validation
UGC05829,0.630000000,0.091172214,4.791408979,14.800000000,0.009841338,1.667144462,1.252957866,0.146794253,0.000000000,local_raw_sparc_rotmod_derived_no_raw_redistribution,paper3_seed_candidate_search_not_tau_core_validation
UGC05829,1.260000000,0.182344428,8.468910792,27.200000000,0.015372793,1.508548265,1.466142774,0.247110864,0.000000000,local_raw_sparc_rotmod_derived_no_raw_redistribution,paper3_seed_candidate_search_not_tau_core_validation
UGC05829,1.880000000,0.272069465,12.449933735,34.100000000,0.022266115,1.377616006,1.262304150,0.141483777,0.000000000,local_raw_sparc_rotmod_derived_no_raw_redistribution,paper3_seed_candidate_search_not_tau_core_validation
UGC05829,2.520000000,0.364688857,13.182065468,38.800000000,0.018622355,1.440663707,1.348956768,0.187293004,0.000000000,local_raw_sparc_rotmod_derived_no_raw_redistribution,paper3_seed_candidate_search_not_tau_core_validation
UGC05829,3.140000000,0.454413893,18.221791899,42.800000000,0.028557536,1.290237050,1.045417163,0.025264540,0.000000000,local_raw_sparc_rotmod_derived_no_raw_redistribution,paper3_seed_candidate_search_not_tau_core_validation
UGC05829,3.770000000,0.545586107,22.869168109,47.900000000,0.037465160,1.195604724,0.915455618,-0.047131638,0.000000000,local_raw_sparc_rotmod_derived_no_raw_redistribution,paper3_seed_candidate_search_not_tau_core_validation
UGC05829,4.400000000,0.636758321,25.693558531,51.900000000,0.040519497,1.168449161,0.872919055,-0.070933769,0.000000000,local_raw_sparc_rotmod_derived_no_raw_redistribution,paper3_seed_candidate_search_not_tau_core_validation
UGC05829,5.030000000,0.727930535,30.192992565,57.600000000,0.048945475,1.103340137,0.822708606,-0.097613918,0.000000000,local_raw_sparc_rotmod_derived_no_raw_redistribution,paper3_seed_candidate_search_not_tau_core_validation
UGC05829,5.650000000,0.817655572,34.486962754,60.700000000,0.056849894,1.052148101,0.722412947,-0.153524762,0.000000000,local_raw_sparc_rotmod_derived_no_raw_redistribution,paper3_seed_candidate_search_not_tau_core_validation
UGC05829,6.290000000,0.910274964,36.660251636,65.600000000,0.057704336,1.047068569,0.753918128,-0.134526214,0.000000000,local_raw_sparc_rotmod_derived_no_raw_redistribution,paper3_seed_candidate_search_not_tau_core_validation
UGC05829,6.910000000,1.000000000,37.433900411,68.600000000,0.054767173,1.064874367,0.781842006,-0.119353573,0.000000000,local_raw_sparc_rotmod_derived_no_raw_redistribution,paper3_seed_candidate_search_not_tau_core_validation
UGC05918,0.560000000,0.125560538,6.051181703,16.900000000,0.017658775,1.459449767,1.228437569,0.127122393,0.000000000,local_raw_sparc_rotmod_derived_no_raw_redistribution,paper3_seed_candidate_search_not_tau_core_validation
UGC05918,1.110000000,0.248878924,8.739891304,27.400000000,0.018584774,1.441377649,1.481256791,0.250082770,0.000000000,local_raw_sparc_rotmod_derived_no_raw_redistribution,paper3_seed_candidate_search_not_tau_core_validation
UGC05918,1.670000000,0.374439462,10.360617742,33.500000000,0.017358933,1.465508879,1.523974345,0.271135348,0.000000000,local_raw_sparc_rotmod_derived_no_raw_redistribution,paper3_seed_candidate_search_not_tau_core_validation
UGC05918,2.230000000,0.500000000,14.384967848,36.400000000,0.025060004,1.336043995,1.145485693,0.079926114,-0.000000000,local_raw_sparc_rotmod_derived_no_raw_redistribution,paper3_seed_candidate_search_not_tau_core_validation
UGC05918,2.790000000,0.625560538,16.752353566,39.800000000,0.027165373,1.307741445,1.052031793,0.029058836,0.000000000,local_raw_sparc_rotmod_derived_no_raw_redistribution,paper3_seed_candidate_search_not_tau_core_validation
UGC05918,3.340000000,0.748878924,17.028825561,41.200000000,0.023447208,1.359424944,1.044137807,0.025112805,0.000000000,local_raw_sparc_rotmod_derived_no_raw_redistribution,paper3_seed_candidate_search_not_tau_core_validation
UGC05918,3.900000000,0.874439462,18.318916453,42.600000000,0.023238236,1.362574287,0.972765349,-0.015831783,0.000000000,local_raw_sparc_rotmod_derived_no_raw_redistribution,paper3_seed_candidate_search_not_tau_core_validation
UGC05918,4.460000000,1.000000000,19.715917427,44.500000000,0.023537879,1.358067386,0.925623851,-0.043779491,0.000000000,local_raw_sparc_rotmod_derived_no_raw_redistribution,paper3_seed_candidate_search_not_tau_core_validation
UGC06446,0.580000000,0.056751468,15.096729778,31.300000000,0.106122135,0.843848985,1.271906131,0.117284722,0.000000000,local_raw_sparc_rotmod_derived_no_raw_redistribution,paper3_seed_candidate_search_not_tau_core_validation
UGC06446,1.160000000,0.113502935,20.941998472,54.800000000,0.102104872,0.856431614,1.887776200,0.343277397,0.000000000,local_raw_sparc_rotmod_derived_no_raw_redistribution,paper3_seed_candidate_search_not_tau_core_validation
UGC06446,1.740000000,0.170254403,22.638736714,61.100000000,0.079546914,0.938861908,1.809546040,0.330748258,0.000000000,local_raw_sparc_rotmod_derived_no_raw_redistribution,paper3_seed_candidate_search_not_tau_core_validation
UGC06446,2.330000000,0.227984344,23.694736757,63.900000000,0.065075283,1.006292148,1.686191663,0.295778100,0.000000000,local_raw_sparc_rotmod_derived_no_raw_redistribution,paper3_seed_candidate_search_not_tau_core_validation
UGC06446,2.910000000,0.284735812,26.543491669,67.200000000,0.065386987,1.004677244,1.524563298,0.233405592,0.000000000,local_raw_sparc_rotmod_derived_no_raw_redistribution,paper3_seed_candidate_search_not_tau_core_validation
UGC06446,3.490000000,0.341487280,28.219010436,70.400000000,0.061620660,1.024759709,1.458656199,0.208746352,0.000000000,local_raw_sparc_rotmod_derived_no_raw_redistribution,paper3_seed_candidate_search_not_tau_core_validation
UGC06446,4.070000000,0.398238748,27.408162105,73.700000000,0.049846380,1.097083167,1.539518662,0.248614532,0.000000000,local_raw_sparc_rotmod_derived_no_raw_redistribution,paper3_seed_candidate_search_not_tau_core_validation
UGC06446,4.650000000,0.454990215,29.064186725,78.000000000,0.049060459,1.102534866,1.527131035,0.244058411,0.000000000,local_raw_sparc_rotmod_derived_no_raw_redistribution,paper3_seed_candidate_search_not_tau_core_validation
UGC06446,5.230000000,0.511741683,31.415552677,80.800000000,0.050963111,1.089489679,1.442853951,0.207754024,0.000000000,local_raw_sparc_rotmod_derived_no_raw_redistribution,paper3_seed_candidate_search_not_tau_core_validation
UGC06446,5.810000000,0.568493151,32.972620460,80.500000000,0.050535784,1.092374609,1.319528605,0.154280053,0.000000000,local_raw_sparc_rotmod_derived_no_raw_redistribution,paper3_seed_candidate_search_not_tau_core_validation
UGC06446,6.400000000,0.626223092,34.894179314,81.300000000,0.051380013,1.086699467,1.223798778,0.110242368,0.000000000,local_raw_sparc_rotmod_derived_no_raw_redistribution,paper3_seed_candidate_search_not_tau_core_validation
UGC06446,6.980000000,0.682974560,36.582007873,82.100000000,0.051778309,1.084055875,1.147793841,0.074065550,0.000000000,local_raw_sparc_rotmod_derived_no_raw_redistribution,paper3_seed_candidate_search_not_tau_core_validation
UGC06446,7.620000000,0.745596869,38.503125847,82.800000000,0.052541832,1.079047314,1.066194908,0.033778866,0.000000000,local_raw_sparc_rotmod_derived_no_raw_redistribution,paper3_seed_candidate_search_not_tau_core_validation
UGC06446,8.280000000,0.810176125,38.552106298,84.900000000,0.048476817,1.106642902,1.086361556,0.044367718,0.000000000,local_raw_sparc_rotmod_derived_no_raw_redistribution,paper3_seed_candidate_search_not_tau_core_validation
UGC06446,8.900000000,0.870841487,36.064354978,84.300000000,0.039467039,1.177559115,1.135813962,0.070872307,0.000000000,local_raw_sparc_rotmod_derived_no_raw_redistribution,paper3_seed_candidate_search_not_tau_core_validation
UGC06446,9.520000000,0.931506849,36.046940231,83.200000000,0.036861082,1.201246900,1.088953144,0.047401391,0.000000000,local_raw_sparc_rotmod_derived_no_raw_redistribution,paper3_seed_candidate_search_not_tau_core_validation
UGC06446,10.220000000,1.000000000,36.441715108,80.100000000,0.035092550,1.218332613,0.983336120,-0.009194122,0.000000000,local_raw_sparc_rotmod_derived_no_raw_redistribution,paper3_seed_candidate_search_not_tau_core_validation
UGC06818,0.870000000,0.124641834,19.653846952,23.400000000,0.119906878,0.804342741,0.236971872,-0.415733463,0.000000000,local_raw_sparc_rotmod_derived_no_raw_redistribution,paper3_seed_candidate_search_not_tau_core_validation
UGC06818,1.740000000,0.249283668,27.680030708,28.000000000,0.118919232,0.807002635,0.014324081,-0.580176200,0.000000000,local_raw_sparc_rotmod_derived_no_raw_redistribution,paper3_seed_candidate_search_not_tau_core_validation
UGC06818,2.610000000,0.373925501,29.740337086,36.700000000,0.091520730,0.892354200,0.262243690,-0.427549183,0.000000000,local_raw_sparc_rotmod_derived_no_raw_redistribution,paper3_seed_candidate_search_not_tau_core_validation
UGC06818,3.500000000,0.501432665,31.133933256,47.600000000,0.074794238,0.959451718,0.551229887,-0.248130263,0.000000000,local_raw_sparc_rotmod_derived_no_raw_redistribution,paper3_seed_candidate_search_not_tau_core_validation
UGC06818,4.370000000,0.626074499,31.421549930,63.300000000,0.061015754,1.028105964,0.986805850,-0.006710967,0.000000000,local_raw_sparc_rotmod_derived_no_raw_redistribution,paper3_seed_candidate_search_not_tau_core_validation
UGC06818,5.240000000,0.750716332,32.730776801,71.200000000,0.055214043,1.062101373,1.106601193,0.053451450,-0.000000000,local_raw_sparc_rotmod_derived_no_raw_redistribution,paper3_seed_candidate_search_not_tau_core_validation
UGC06818,6.110000000,0.875358166,32.642152962,68.100000000,0.047096061,1.116571168,0.972852854,-0.014424682,0.000000000,local_raw_sparc_rotmod_derived_no_raw_redistribution,paper3_seed_candidate_search_not_tau_core_validation
UGC06818,6.980000000,1.000000000,32.264676505,74.400000000,0.040277955,1.170518009,1.115683261,0.060517064,0.000000000,local_raw_sparc_rotmod_derived_no_raw_redistribution,paper3_seed_candidate_search_not_tau_core_validation
UGC06917,1.740000000,0.166189112,39.774756442,59.200000000,0.245546653,0.584583419,0.835434587,-0.062632454,0.000000000,local_raw_sparc_rotmod_derived_no_raw_redistribution,paper3_seed_candidate_search_not_tau_core_validation
UGC06917,2.610000000,0.249283668,41.782939700,71.200000000,0.180644892,0.675821846,1.041760898,0.016701004,0.000000000,local_raw_sparc_rotmod_derived_no_raw_redistribution,paper3_seed_candidate_search_not_tau_core_validation
UGC06917,3.500000000,0.334288443,44.109400359,84.500000000,0.150128267,0.733009935,1.249221028,0.100218871,0.000000000,local_raw_sparc_rotmod_derived_no_raw_redistribution,paper3_seed_candidate_search_not_tau_core_validation
UGC06917,4.370000000,0.417382999,47.388522345,93.500000000,0.138781988,0.757731696,1.284163786,0.115557213,0.000000000,local_raw_sparc_rotmod_derived_no_raw_redistribution,paper3_seed_candidate_search_not_tau_core_validation
UGC06917,5.240000000,0.500477555,48.912619026,97.500000000,0.123304452,0.795374463,1.248909385,0.104603342,0.000000000,local_raw_sparc_rotmod_derived_no_raw_redistribution,paper3_seed_candidate_search_not_tau_core_validation
UGC06917,6.110000000,0.583572111,50.044711009,100.000000000,0.110698916,0.830135052,1.202470797,0.087863597,0.000000000,local_raw_sparc_rotmod_derived_no_raw_redistribution,paper3_seed_candidate_search_not_tau_core_validation
UGC06917,6.980000000,0.666666667,51.742541008,101.000000000,0.103587724,0.851725040,1.117698933,0.052722571,0.000000000,local_raw_sparc_rotmod_derived_no_raw_redistribution,paper3_seed_candidate_search_not_tau_core_validation
UGC06917,7.850000000,0.749761223,52.363440490,103.000000000,0.094331100,0.882391555,1.095909453,0.043977269,0.000000000,local_raw_sparc_rotmod_derived_no_raw_redistribution,paper3_seed_candidate_search_not_tau_core_validation
UGC06917,8.720000000,0.832855778,52.590029949,105.000000000,0.085656152,0.914255562,1.090041123,0.042104987,0.000000000,local_raw_sparc_rotmod_derived_no_raw_redistribution,paper3_seed_candidate_search_not_tau_core_validation
UGC06917,9.600000000,0.916905444,53.983782750,110.000000000,0.081982961,0.928814139,1.117176128,0.054891306,0.000000000,local_raw_sparc_rotmod_derived_no_raw_redistribution,paper3_seed_candidate_search_not_tau_core_validation
UGC06917,10.470000000,1.000000000,56.303442612,111.000000000,0.081769516,0.929681608,1.044938674,0.021419501,0.000000000,local_raw_sparc_rotmod_derived_no_raw_redistribution,paper3_seed_candidate_search_not_tau_core_validation
UGC06973,1.740000000,0.221656051,259.716846816,170.000000000,10.469337575,0.032841512,-10.518425482,-0.456107303,0.000000000,local_raw_sparc_rotmod_derived_no_raw_redistribution,paper3_seed_candidate_search_not_tau_core_validation
UGC06973,2.610000000,0.332484076,221.001402258,174.000000000,5.053796613,0.064996506,-3.272094039,-0.302085265,0.000000000,local_raw_sparc_rotmod_derived_no_raw_redistribution,paper3_seed_candidate_search_not_tau_core_validation
UGC06973,3.500000000,0.445859873,195.717432846,170.000000000,2.955692065,0.104912189,-1.252483915,-0.240639377,0.000000000,local_raw_sparc_rotmod_derived_no_raw_redistribution,paper3_seed_candidate_search_not_tau_core_validation
UGC06973,4.370000000,0.556687898,174.747178432,170.000000000,1.887153018,0.153072557,-0.177471265,-0.169971966,0.000000000,local_raw_sparc_rotmod_derived_no_raw_redistribution,paper3_seed_candidate_search_not_tau_core_validation
UGC06973,5.320000000,0.677707006,160.091272311,171.000000000,1.301043714,0.205270563,0.331955425,-0.120784624,0.000000000,local_raw_sparc_rotmod_derived_no_raw_redistribution,paper3_seed_candidate_search_not_tau_core_validation
UGC06973,6.280000000,0.800000000,148.229016154,174.000000000,0.944876433,0.259883843,0.668988255,-0.070722713,0.000000000,local_raw_sparc_rotmod_derived_no_raw_redistribution,paper3_seed_candidate_search_not_tau_core_validation
UGC06973,6.810000000,0.867515924,142.033803019,177.000000000,0.800026786,0.291928181,0.843297208,-0.036051163,0.000000000,local_raw_sparc_rotmod_derived_no_raw_redistribution,paper3_seed_candidate_search_not_tau_core_validation
UGC06973,7.330000000,0.933757962,136.361307012,178.000000000,0.685088290,0.324009187,0.942428931,-0.014188878,0.000000000,local_raw_sparc_rotmod_derived_no_raw_redistribution,paper3_seed_candidate_search_not_tau_core_validation
UGC06973,7.850000000,1.000000000,131.396929264,180.000000000,0.593976118,0.355373195,1.040863612,0.010657278,0.000000000,local_raw_sparc_rotmod_derived_no_raw_redistribution,paper3_seed_candidate_search_not_tau_core_validation
UGC07323,0.580000000,0.099656357,15.593771192,23.900000000,0.113225052,0.822830070,0.647355107,-0.173383370,0.000000000,local_raw_sparc_rotmod_derived_no_raw_redistribution,paper3_seed_candidate_search_not_tau_core_validation
UGC07323,1.170000000,0.201030928,24.812691309,34.700000000,0.142111784,0.750247311,0.531128704,-0.224372680,0.000000000,local_raw_sparc_rotmod_derived_no_raw_redistribution,paper3_seed_candidate_search_not_tau_core_validation
UGC07323,1.750000000,0.300687285,30.456051944,42.800000000,0.143145391,0.747964088,0.541875773,-0.218198355,0.000000000,local_raw_sparc_rotmod_derived_no_raw_redistribution,paper3_seed_candidate_search_not_tau_core_validation
UGC07323,2.330000000,0.400343643,34.219714347,51.300000000,0.135726624,0.764778663,0.652653974,-0.163136448,0.000000000,local_raw_sparc_rotmod_derived_no_raw_redistribution,paper3_seed_candidate_search_not_tau_core_validation
UGC07323,2.910000000,0.500000000,38.296738112,57.700000000,0.136112744,0.763878347,0.663267566,-0.157622543,-0.000000000,local_raw_sparc_rotmod_derived_no_raw_redistribution,paper3_seed_candidate_search_not_tau_core_validation
UGC07323,3.500000000,0.601374570,41.803341374,67.300000000,0.134841060,0.766854408,0.795351957,-0.093016832,0.000000000,local_raw_sparc_rotmod_derived_no_raw_redistribution,paper3_seed_candidate_search_not_tau_core_validation
UGC07323,4.070000000,0.699312715,45.510443307,75.400000000,0.137434552,0.760817806,0.863232415,-0.060912911,0.000000000,local_raw_sparc_rotmod_derived_no_raw_redistribution,paper3_seed_candidate_search_not_tau_core_validation
UGC07323,4.650000000,0.798969072,49.778968451,79.500000000,0.143915324,0.746275338,0.800053255,-0.089320694,0.000000000,local_raw_sparc_rotmod_derived_no_raw_redistribution,paper3_seed_candidate_search_not_tau_core_validation
UGC07323,5.230000000,0.898625430,51.447964974,82.800000000,0.136679355,0.762562344,0.799138730,-0.090911474,0.000000000,local_raw_sparc_rotmod_derived_no_raw_redistribution,paper3_seed_candidate_search_not_tau_core_validation
UGC07323,5.820000000,1.000000000,51.743761460,85.600000000,0.124239935,0.792953214,0.825150460,-0.080482691,0.000000000,local_raw_sparc_rotmod_derived_no_raw_redistribution,paper3_seed_candidate_search_not_tau_core_validation
UGC07399,0.610000000,0.099510604,22.745690801,47.300000000,0.229053344,0.604816054,1.784864612,0.259125442,0.000000000,local_raw_sparc_rotmod_derived_no_raw_redistribution,paper3_seed_candidate_search_not_tau_core_validation
UGC07399,1.220000000,0.199021207,28.819384102,70.400000000,0.183855984,0.670456591,2.151966757,0.380048047,0.000000000,local_raw_sparc_rotmod_derived_no_raw_redistribution,paper3_seed_candidate_search_not_tau_core_validation
UGC07399,1.840000000,0.300163132,29.971422222,83.700000000,0.131845433,0.773990797,2.316126077,0.453762947,0.000000000,local_raw_sparc_rotmod_derived_no_raw_redistribution,paper3_seed_candidate_search_not_tau_core_validation
UGC07399,2.450000000,0.399673736,31.385623301,89.100000000,0.108583451,0.836394947,2.198577865,0.435605021,0.000000000,local_raw_sparc_rotmod_derived_no_raw_redistribution,paper3_seed_candidate_search_not_tau_core_validation
UGC07399,3.070000000,0.500815661,32.591388433,91.700000000,0.093440587,0.885513134,2.048108164,0.400274281,0.000000000,local_raw_sparc_rotmod_derived_no_raw_redistribution,paper3_seed_candidate_search_not_tau_core_validation
UGC07399,3.680000000,0.600326264,32.586190327,95.100000000,0.077926930,0.945728413,2.028504333,0.405403968,0.000000000,local_raw_sparc_rotmod_derived_no_raw_redistribution,paper3_seed_candidate_search_not_tau_core_validation
UGC07399,4.300000000,0.701468189,32.114753619,96.900000000,0.064775227,1.007854479,2.001583399,0.407297252,0.000000000,local_raw_sparc_rotmod_derived_no_raw_redistribution,paper3_seed_candidate_search_not_tau_core_validation
UGC07399,4.910000000,0.800978793,32.762225199,100.000000000,0.059038253,1.039295115,1.974699677,0.403289789,0.000000000,local_raw_sparc_rotmod_derived_no_raw_redistribution,paper3_seed_candidate_search_not_tau_core_validation
UGC07399,5.520000000,0.900489396,33.867130082,103.000000000,0.056115899,1.056576254,1.931992092,0.391241471,0.000000000,local_raw_sparc_rotmod_derived_no_raw_redistribution,paper3_seed_candidate_search_not_tau_core_validation
UGC07399,6.130000000,1.000000000,33.687590445,106.000000000,0.049997424,1.096045740,1.958457746,0.406256972,0.000000000,local_raw_sparc_rotmod_derived_no_raw_redistribution,paper3_seed_candidate_search_not_tau_core_validation
UGC07577,0.190000000,0.112426036,1.614419400,3.740000000,0.003704651,2.016671015,0.652869159,-0.264043687,0.000000000,local_raw_sparc_rotmod_derived_no_raw_redistribution,paper3_seed_candidate_search_not_tau_core_validation
UGC07577,0.380000000,0.224852071,3.929172941,5.400000000,0.010972028,1.628394638,0.229879796,-0.648403259,0.000000000,local_raw_sparc_rotmod_derived_no_raw_redistribution,paper3_seed_candidate_search_not_tau_core_validation
UGC07577,0.570000000,0.337278107,6.286032135,7.310000000,0.018721755,1.438782389,0.113217775,-0.740585671,0.000000000,local_raw_sparc_rotmod_derived_no_raw_redistribution,paper3_seed_candidate_search_not_tau_core_validation
UGC07577,0.750000000,0.443786982,8.762725033,8.850000000,0.027649375,1.301553432,0.007652239,-0.823673775,0.000000000,local_raw_sparc_rotmod_derived_no_raw_redistribution,paper3_seed_candidate_search_not_tau_core_validation
UGC07577,0.940000000,0.556213018,10.103642907,10.700000000,0.029328938,1.280911569,0.046079659,-0.767227475,-0.000000000,local_raw_sparc_rotmod_derived_no_raw_redistribution,paper3_seed_candidate_search_not_tau_core_validation
UGC07577,1.130000000,0.668639053,10.977725174,12.400000000,0.028801458,1.287260553,0.100647898,-0.705526600,0.000000000,local_raw_sparc_rotmod_derived_no_raw_redistribution,paper3_seed_candidate_search_not_tau_core_validation
UGC07577,1.320000000,0.781065089,12.211547813,14.100000000,0.030509543,1.267116888,0.122044609,-0.674716180,0.000000000,local_raw_sparc_rotmod_derived_no_raw_redistribution,paper3_seed_candidate_search_not_tau_core_validation
UGC07577,1.510000000,0.893491124,12.603576873,15.900000000,0.028410501,1.292043909,0.202428597,-0.597105500,-0.000000000,local_raw_sparc_rotmod_derived_no_raw_redistribution,paper3_seed_candidate_search_not_tau_core_validation
UGC07577,1.690000000,1.000000000,12.394468524,17.800000000,0.024549199,1.343278358,0.324671729,-0.489602786,0.000000000,local_raw_sparc_rotmod_derived_no_raw_redistribution,paper3_seed_candidate_search_not_tau_core_validation
UGC07603,0.340000000,0.082725061,14.595908673,19.600000000,0.169219952,0.695841386,0.492701443,-0.233390706,0.000000000,local_raw_sparc_rotmod_derived_no_raw_redistribution,paper3_seed_candidate_search_not_tau_core_validation
UGC07603,0.680000000,0.165450122,20.738102613,32.500000000,0.170803724,0.692975035,0.818447409,-0.077219982,0.000000000,local_raw_sparc_rotmod_derived_no_raw_redistribution,paper3_seed_candidate_search_not_tau_core_validation
UGC07603,1.020000000,0.248175182,23.100130952,41.900000000,0.141285281,0.752086522,1.082112905,0.034640164,0.000000000,local_raw_sparc_rotmod_derived_no_raw_redistribution,paper3_seed_candidate_search_not_tau_core_validation
UGC07603,1.370000000,0.333333333,24.268833923,50.600000000,0.116103540,0.814721954,1.331716447,0.138826341,0.000000000,local_raw_sparc_rotmod_derived_no_raw_redistribution,paper3_seed_candidate_search_not_tau_core_validation
UGC07603,1.710000000,0.416058394,26.936608918,57.000000000,0.114592961,0.818948946,1.362819118,0.151306148,0.000000000,local_raw_sparc_rotmod_derived_no_raw_redistribution,paper3_seed_candidate_search_not_tau_core_validation
UGC07603,2.050000000,0.498783455,27.548106106,60.500000000,0.099976480,0.863319283,1.385534015,0.164350118,0.000000000,local_raw_sparc_rotmod_derived_no_raw_redistribution,paper3_seed_candidate_search_not_tau_core_validation
UGC07603,2.390000000,0.581508516,26.339659261,60.500000000,0.078395406,0.943727095,1.374249594,0.166960292,0.000000000,local_raw_sparc_rotmod_derived_no_raw_redistribution,paper3_seed_candidate_search_not_tau_core_validation
UGC07603,2.740000000,0.666666667,24.420716615,60.000000000,0.058780659,1.040781717,1.399842382,0.185579820,0.000000000,local_raw_sparc_rotmod_derived_no_raw_redistribution,paper3_seed_candidate_search_not_tau_core_validation
UGC07603,3.080000000,0.749391727,23.321464362,61.500000000,0.047690198,1.112262237,1.471825279,0.221903498,0.000000000,local_raw_sparc_rotmod_derived_no_raw_redistribution,paper3_seed_candidate_search_not_tau_core_validation
UGC07603,3.420000000,0.832116788,23.113895172,61.500000000,0.042187946,1.154499493,1.438491033,0.211044773,0.000000000,local_raw_sparc_rotmod_derived_no_raw_redistribution,paper3_seed_candidate_search_not_tau_core_validation
UGC07603,3.760000000,0.914841849,23.009164479,63.000000000,0.038026124,1.190449019,1.459986458,0.223135580,0.000000000,local_raw_sparc_rotmod_derived_no_raw_redistribution,paper3_seed_candidate_search_not_tau_core_validation
UGC07603,4.110000000,1.000000000,22.656939334,64.000000000,0.033730973,1.232104803,1.480995478,0.235471908,0.000000000,local_raw_sparc_rotmod_derived_no_raw_redistribution,paper3_seed_candidate_search_not_tau_core_validation
UGC08490,0.340000000,0.033497537,19.728065034,38.800000000,0.309142186,0.519597382,1.860558423,0.257932584,0.000000000,local_raw_sparc_rotmod_derived_no_raw_redistribution,paper3_seed_candidate_search_not_tau_core_validation
UGC08490,0.680000000,0.066995074,28.832710591,50.100000000,0.330164398,0.501648161,1.470372744,0.145947202,0.000000000,local_raw_sparc_rotmod_derived_no_raw_redistribution,paper3_seed_candidate_search_not_tau_core_validation
UGC08490,1.020000000,0.100492611,33.100877632,60.200000000,0.290099550,0.537210189,1.523952658,0.168143347,0.000000000,local_raw_sparc_rotmod_derived_no_raw_redistribution,paper3_seed_candidate_search_not_tau_core_validation
UGC08490,1.360000000,0.133990148,34.904816287,68.200000000,0.241935731,0.588871583,1.619852467,0.206795675,0.000000000,local_raw_sparc_rotmod_derived_no_raw_redistribution,paper3_seed_candidate_search_not_tau_core_validation
UGC08490,1.690000000,0.166502463,35.450760218,72.800000000,0.200831860,0.643788638,1.636488304,0.222567535,0.000000000,local_raw_sparc_rotmod_derived_no_raw_redistribution,paper3_seed_candidate_search_not_tau_core_validation
UGC08490,2.030000000,0.200000000,35.334619709,75.300000000,0.166101293,0.701576436,1.612161459,0.225061787,0.000000000,local_raw_sparc_rotmod_derived_no_raw_redistribution,paper3_seed_candidate_search_not_tau_core_validation
UGC08490,2.370000000,0.233497537,35.611292451,76.600000000,0.144509146,0.744979799,1.545012480,0.209191306,0.000000000,local_raw_sparc_rotmod_derived_no_raw_redistribution,paper3_seed_candidate_search_not_tau_core_validation
UGC08490,2.700000000,0.266009852,35.709137486,77.600000000,0.127544920,0.784558546,1.495252662,0.196989748,0.000000000,local_raw_sparc_rotmod_derived_no_raw_redistribution,paper3_seed_candidate_search_not_tau_core_validation
UGC08490,3.050000000,0.300492611,35.156931038,78.500000000,0.109443578,0.833833706,1.478526984,0.196868144,0.000000000,local_raw_sparc_rotmod_derived_no_raw_redistribution,paper3_seed_candidate_search_not_tau_core_validation
UGC08490,3.380000000,0.333004926,34.895677383,78.200000000,0.097295953,0.872224854,1.422758402,0.179779198,0.000000000,local_raw_sparc_rotmod_derived_no_raw_redistribution,paper3_seed_candidate_search_not_tau_core_validation
UGC08490,3.720000000,0.366502463,35.311830171,78.800000000,0.090524414,0.895965980,1.374546335,0.162966496,0.000000000,local_raw_sparc_rotmod_derived_no_raw_redistribution,paper3_seed_candidate_search_not_tau_core_validation
UGC08490,4.060000000,0.400000000,35.546206549,79.200000000,0.084048254,0.920543980,1.334087107,0.148534387,0.000000000,local_raw_sparc_rotmod_derived_no_raw_redistribution,paper3_seed_candidate_search_not_tau_core_validation
UGC08490,4.390000000,0.432512315,34.596063360,79.200000000,0.073630382,0.964707595,1.336444132,0.152892971,0.000000000,local_raw_sparc_rotmod_derived_no_raw_redistribution,paper3_seed_candidate_search_not_tau_core_validation
UGC08490,4.740000000,0.466995074,33.723458453,79.200000000,0.064796878,1.007741489,1.338154269,0.156772154,0.000000000,local_raw_sparc_rotmod_derived_no_raw_redistribution,paper3_seed_candidate_search_not_tau_core_validation
UGC08490,5.080000000,0.500492611,32.431900191,78.800000000,0.055917698,1.057782452,1.351607353,0.166141561,0.000000000,local_raw_sparc_rotmod_derived_no_raw_redistribution,paper3_seed_candidate_search_not_tau_core_validation
UGC08490,5.410000000,0.533004926,30.712332214,78.500000000,0.047086514,1.116640875,1.393443993,0.188604011,0.000000000,local_raw_sparc_rotmod_derived_no_raw_redistribution,paper3_seed_candidate_search_not_tau_core_validation
UGC08490,5.750000000,0.566502463,30.416969770,80.100000000,0.043454250,1.144289962,1.427434016,0.205466708,0.000000000,local_raw_sparc_rotmod_derived_no_raw_redistribution,paper3_seed_candidate_search_not_tau_core_validation
UGC08490,6.090000000,0.600000000,30.411267649,80.100000000,0.041012851,1.164263022,1.403370327,0.196382770,0.000000000,local_raw_sparc_rotmod_derived_no_raw_redistribution,paper3_seed_candidate_search_not_tau_core_validation
UGC08490,6.420000000,0.632512315,29.874743514,80.100000000,0.037544087,1.194874503,1.407005140,0.200137559,0.000000000,local_raw_sparc_rotmod_derived_no_raw_redistribution,paper3_seed_candidate_search_not_tau_core_validation
UGC08490,6.770000000,0.666995074,29.516712215,80.100000000,0.034754857,1.221696180,1.402735722,0.200048286,0.000000000,local_raw_sparc_rotmod_derived_no_raw_redistribution,paper3_seed_candidate_search_not_tau_core_validation
UGC08490,7.110000000,0.700492611,29.055127775,79.800000000,0.032065956,1.249748265,1.397483957,0.199510193,0.000000000,local_raw_sparc_rotmod_derived_no_raw_redistribution,paper3_seed_candidate_search_not_tau_core_validation
UGC08490,7.440000000,0.733004926,29.627573306,79.800000000,0.031863057,1.251962640,1.352625768,0.179015926,0.000000000,local_raw_sparc_rotmod_derived_no_raw_redistribution,paper3_seed_candidate_search_not_tau_core_validation
UGC08490,7.780000000,0.766502463,29.532825805,79.500000000,0.030276009,1.269801509,1.332428603,0.170562251,0.000000000,local_raw_sparc_rotmod_derived_no_raw_redistribution,paper3_seed_candidate_search_not_tau_core_validation
UGC08490,8.120000000,0.800000000,28.352246825,79.500000000,0.026735428,1.313333993,1.373611425,0.192360970,0.000000000,local_raw_sparc_rotmod_derived_no_raw_redistribution,paper3_seed_candidate_search_not_tau_core_validation
UGC08490,8.460000000,0.833497537,28.303875176,78.800000000,0.025573469,1.328922635,1.342494304,0.178508497,0.000000000,local_raw_sparc_rotmod_derived_no_raw_redistribution,paper3_seed_candidate_search_not_tau_core_validation
UGC08490,8.800000000,0.866995074,28.339648022,77.900000000,0.024647589,1.341872977,1.303252369,0.160213112,0.000000000,local_raw_sparc_rotmod_derived_no_raw_redistribution,paper3_seed_candidate_search_not_tau_core_validation
UGC08490,9.130000000,0.899507389,27.685412224,77.200000000,0.022672500,1.371247855,1.304266117,0.162077479,0.000000000,local_raw_sparc_rotmod_derived_no_raw_redistribution,paper3_seed_candidate_search_not_tau_core_validation
UGC08490,9.470000000,0.933004926,27.031206965,77.600000000,0.020837668,1.400981948,1.335317716,0.178697616,0.000000000,local_raw_sparc_rotmod_derived_no_raw_redistribution,paper3_seed_candidate_search_not_tau_core_validation
UGC08490,9.770000000,0.962561576,26.886921542,76.600000000,0.019982775,1.415761327,1.305989041,0.164942610,0.000000000,local_raw_sparc_rotmod_derived_no_raw_redistribution,paper3_seed_candidate_search_not_tau_core_validation
UGC08490,10.150000000,1.000000000,26.958301133,77.600000000,0.019336916,1.427360978,1.316078901,0.170471507,0.000000000,local_raw_sparc_rotmod_derived_no_raw_redistribution,paper3_seed_candidate_search_not_tau_core_validation
UGC08837,0.520000000,0.123809524,7.009932239,7.310000000,0.025520695,1.329647778,0.032193553,-0.803801849,0.000000000,local_raw_sparc_rotmod_derived_no_raw_redistribution,paper3_seed_candidate_search_not_tau_core_validation
UGC08837,1.050000000,0.250000000,10.766550051,14.600000000,0.029814809,1.275166454,0.279219892,-0.517475798,0.000000000,local_raw_sparc_rotmod_derived_no_raw_redistribution,paper3_seed_candidate_search_not_tau_core_validation
UGC08837,1.570000000,0.373809524,14.783722468,21.000000000,0.037595525,1.194399462,0.352044040,-0.434912720,0.000000000,local_raw_sparc_rotmod_derived_no_raw_redistribution,paper3_seed_candidate_search_not_tau_core_validation
UGC08837,2.090000000,0.497619048,21.034642854,28.100000000,0.057173161,1.050216917,0.319830567,-0.428346762,0.000000000,local_raw_sparc_rotmod_derived_no_raw_redistribution,paper3_seed_candidate_search_not_tau_core_validation
UGC08837,2.630000000,0.626190476,24.768117611,35.300000000,0.062993895,1.017290454,0.417992058,-0.347429534,0.000000000,local_raw_sparc_rotmod_derived_no_raw_redistribution,paper3_seed_candidate_search_not_tau_core_validation
UGC08837,3.150000000,0.750000000,26.083497657,43.000000000,0.058329642,1.043401224,0.621574807,-0.214718411,0.000000000,local_raw_sparc_rotmod_derived_no_raw_redistribution,paper3_seed_candidate_search_not_tau_core_validation
UGC08837,3.680000000,0.876190476,27.675825191,46.600000000,0.056211031,1.055998898,0.647519583,-0.199720566,0.000000000,local_raw_sparc_rotmod_derived_no_raw_redistribution,paper3_seed_candidate_search_not_tau_core_validation
UGC08837,4.200000000,1.000000000,29.322014767,48.000000000,0.055284901,1.061663842,0.599997158,-0.230650927,0.000000000,local_raw_sparc_rotmod_derived_no_raw_redistribution,paper3_seed_candidate_search_not_tau_core_validation
UGC12632,0.710000000,0.066604128,10.082990628,24.100000000,0.038671284,1.184616096,1.173514259,0.089921819,0.000000000,local_raw_sparc_rotmod_derived_no_raw_redistribution,paper3_seed_candidate_search_not_tau_core_validation
UGC12632,1.420000000,0.133208255,14.349318799,33.600000000,0.039159977,1.180264575,1.136672741,0.071377362,0.000000000,local_raw_sparc_rotmod_derived_no_raw_redistribution,paper3_seed_candidate_search_not_tau_core_validation
UGC12632,2.140000000,0.200750469,18.490336665,44.800000000,0.043146351,1.146743609,1.240806740,0.121007793,0.000000000,local_raw_sparc_rotmod_derived_no_raw_redistribution,paper3_seed_candidate_search_not_tau_core_validation
UGC12632,2.850000000,0.267354597,21.590396013,54.400000000,0.044171746,1.138641808,1.334606557,0.163944609,0.000000000,local_raw_sparc_rotmod_derived_no_raw_redistribution,paper3_seed_candidate_search_not_tau_core_validation
UGC12632,3.550000000,0.333020638,22.725083058,57.400000000,0.039287176,1.179141189,1.294029390,0.147644159,0.000000000,local_raw_sparc_rotmod_derived_no_raw_redistribution,paper3_seed_candidate_search_not_tau_core_validation
UGC12632,4.260000000,0.399624765,23.434625024,61.400000000,0.034815660,1.221088072,1.326730448,0.165198006,0.000000000,local_raw_sparc_rotmod_derived_no_raw_redistribution,paper3_seed_candidate_search_not_tau_core_validation
UGC12632,4.970000000,0.466228893,25.059816440,63.800000000,0.034124602,1.228065109,1.258816410,0.133354021,0.000000000,local_raw_sparc_rotmod_derived_no_raw_redistribution,paper3_seed_candidate_search_not_tau_core_validation
UGC12632,5.690000000,0.533771107,26.146653706,65.500000000,0.032448018,1.245617503,1.208316901,0.109348385,0.000000000,local_raw_sparc_rotmod_derived_no_raw_redistribution,paper3_seed_candidate_search_not_tau_core_validation
UGC12632,6.400000000,0.600375235,28.593048106,67.600000000,0.034499210,1.224265075,1.114310183,0.061017810,0.000000000,local_raw_sparc_rotmod_derived_no_raw_redistribution,paper3_seed_candidate_search_not_tau_core_validation
UGC12632,7.110000000,0.666979362,30.724262400,69.200000000,0.035855975,1.210850340,1.034224974,0.018571003,0.000000000,local_raw_sparc_rotmod_derived_no_raw_redistribution,paper3_seed_candidate_search_not_tau_core_validation
UGC12632,7.820000000,0.733583490,33.262741919,70.300000000,0.038210045,1.188775786,0.936657535,-0.035008496,0.000000000,local_raw_sparc_rotmod_derived_no_raw_redistribution,paper3_seed_candidate_search_not_tau_core_validation
UGC12632,8.520000000,0.799249531,34.488224802,71.400000000,0.037702513,1.193413566,0.896815532,-0.057779123,0.000000000,local_raw_sparc_rotmod_derived_no_raw_redistribution,paper3_seed_candidate_search_not_tau_core_validation
UGC12632,9.250000000,0.867729831,35.066379197,73.200000000,0.035901147,1.210412791,0.898428695,-0.057226674,0.000000000,local_raw_sparc_rotmod_derived_no_raw_redistribution,paper3_seed_candidate_search_not_tau_core_validation
UGC12632,9.950000000,0.933395872,36.103856442,73.000000000,0.035379551,1.215500170,0.840760613,-0.091418433,0.000000000,local_raw_sparc_rotmod_derived_no_raw_redistribution,paper3_seed_candidate_search_not_tau_core_validation
UGC12632,10.660000000,1.000000000,36.658348981,73.100000000,0.034045272,1.228875362,0.808941855,-0.111309975,0.000000000,local_raw_sparc_rotmod_derived_no_raw_redistribution,paper3_seed_candidate_search_not_tau_core_validation
